SeqNum,AccX,AccY,AccZ,GyroX,GyroY,GyroZ,Flex,Force1,Force2,Force3,Force4,TimestampReception
16555,0.9604,0.9604,0.9165,0.000,0.000,0.000,472,411,237,405,362,2025-05-24T00:00:00.378693
16556,0.9604,0.9604,0.9165,0.000,0.000,0.000,452,391,288,395,362,2025-05-24T00:00:00.378800
16557,0.9604,0.9604,0.9165,0.000,0.000,0.000,422,357,346,308,367,2025-05-24T00:00:00.378824
16558,0.9604,0.9604,0.9165,0.000,0.000,0.000,417,334,321,374,399,2025-05-24T00:00:00.378840
16559,0.9604,0.9604,0.9165,0.000,0.000,0.000,403,392,351,408,397,2025-05-24T00:00:00.378851
16560,0.9604,0.9604,0.9165,0.000,0.000,0.000,400,364,334,392,389,2025-05-24T00:00:00.378862
16561,0.9604,0.9604,0.9165,0.000,0.000,0.000,421,395,319,408,357,2025-05-24T00:00:00.378965
16562,0.9604,0.9604,0.9165,0.000,0.000,0.000,401,415,341,408,387,2025-05-24T00:00:00.378977
16563,0.9604,0.9604,0.9165,0.000,0.000,0.000,422,402,361,411,374,2025-05-24T00:00:00.378987
16564,0.9604,0.9604,0.9165,0.000,0.000,0.000,425,408,336,383,386,2025-05-24T00:00:00.378997
16565,0.9604,0.9604,0.9165,0.000,0.000,0.000,427,416,361,395,395,2025-05-24T00:00:00.379007
16566,0.9604,0.9604,0.9165,0.000,0.000,0.000,415,419,379,415,418,2025-05-24T00:00:00.379017
16567,0.9604,0.9604,0.9165,0.000,0.000,0.000,423,417,362,352,350,2025-05-24T00:00:00.379027
16568,0.9604,0.9604,0.9165,0.000,0.000,0.000,356,359,337,392,397,2025-05-24T00:00:00.379037
16569,0.9604,0.9604,0.9165,0.000,0.000,0.000,396,347,361,386,358,2025-05-24T00:00:00.379047
16570,0.9604,0.9604,0.9165,0.000,0.000,0.000,430,352,347,389,394,2025-05-24T00:00:00.379059
16571,0.9604,0.9604,0.9165,0.000,0.000,0.000,407,402,359,344,308,2025-05-24T00:00:00.379108
16572,0.9604,0.9604,0.9165,0.000,0.000,0.000,358,424,363,383,360,2025-05-24T00:00:00.379119
16573,0.9604,0.9604,0.9165,0.000,0.000,0.000,331,346,341,407,395,2025-05-24T00:00:00.582690
16574,0.9604,0.9604,0.9165,0.000,0.000,0.000,373,415,363,399,395,2025-05-24T00:00:00.582740
16575,0.9604,0.9604,0.9165,0.000,0.000,0.000,413,443,368,399,409,2025-05-24T00:00:00.582768
16576,0.9604,0.9604,0.9165,0.000,0.000,0.000,409,409,370,413,394,2025-05-24T00:00:00.583070
16577,0.9604,0.9604,0.9165,0.000,0.000,0.000,400,433,379,421,380,2025-05-24T00:00:00.583083
16578,0.9604,0.9604,0.9165,0.000,0.000,0.000,397,432,334,416,354,2025-05-24T00:00:00.583092
16579,0.9604,0.9604,0.9165,0.000,0.000,0.000,347,345,358,429,366,2025-05-24T00:00:00.583102
16580,0.9604,0.9604,0.9165,0.000,0.000,0.000,413,413,335,427,385,2025-05-24T00:00:00.583117
16581,0.9604,0.9604,0.9165,0.000,0.000,0.000,420,403,342,421,387,2025-05-24T00:00:00.583128
16582,0.9604,0.9604,0.9165,0.000,0.000,0.000,407,411,373,399,391,2025-05-24T00:00:00.583146
16583,0.9604,0.9604,0.9165,0.000,0.000,0.000,408,400,350,346,345,2025-05-24T00:00:00.583154
16584,0.9604,0.9604,0.9165,0.000,0.000,0.000,398,364,290,373,371,2025-05-24T00:00:00.583163
16585,0.9604,0.9604,0.9165,0.000,0.000,0.000,410,413,340,400,389,2025-05-24T00:00:00.583172
16586,0.9604,0.9604,0.9165,0.000,0.000,0.000,394,424,326,360,359,2025-05-24T00:00:00.583180
16587,0.9604,0.9604,0.9165,0.000,0.000,0.000,391,400,353,379,367,2025-05-24T00:00:00.583188
16588,0.9604,0.9604,0.9165,0.000,0.000,0.000,397,424,360,414,407,2025-05-24T00:00:00.583232
16589,0.9604,0.9604,0.9165,0.000,0.000,0.000,412,430,366,416,398,2025-05-24T00:00:00.583244
16590,0.9604,0.9604,0.9165,0.000,0.000,0.000,417,424,337,409,396,2025-05-24T00:00:00.583253
16591,0.9604,0.9604,0.9165,0.000,0.000,0.000,427,421,347,402,350,2025-05-24T00:00:00.633919
16592,0.0000,0.0000,0.0000,0.000,0.000,0.000,405,395,360,388,394,2025-05-24T00:00:00.633974
16593,0.0000,0.0000,0.0000,0.000,0.000,0.000,398,398,346,411,386,2025-05-24T00:00:00.633986
16594,0.0000,0.0000,0.0000,0.000,0.000,0.000,361,423,366,312,402,2025-05-24T00:00:00.633996
16595,0.0000,0.0000,0.0000,0.000,0.000,0.000,399,418,374,322,369,2025-05-24T00:00:00.634006
16596,0.9604,0.9604,0.9165,0.000,0.000,0.000,393,421,365,387,380,2025-05-24T00:00:00.801043
16597,0.9604,0.9604,0.9165,0.000,0.000,0.000,369,344,379,337,373,2025-05-24T00:00:00.801091
16598,0.9604,0.9604,0.9165,0.000,0.000,0.000,412,366,343,377,376,2025-05-24T00:00:00.801103
16599,0.0000,0.0000,0.0000,0.000,0.000,0.000,396,425,352,351,391,2025-05-24T00:00:00.801114
16600,0.0000,0.0000,0.0000,0.000,0.000,0.000,415,417,328,335,393,2025-05-24T00:00:00.801123
16601,0.9604,0.9604,0.9165,0.000,0.000,0.000,413,399,350,392,353,2025-05-24T00:00:00.801133
16602,0.9604,0.9604,0.9165,0.000,0.000,0.000,420,383,357,404,386,2025-05-24T00:00:00.801142
16603,0.9604,0.9604,0.9165,0.000,0.000,0.000,425,413,378,404,394,2025-05-24T00:00:00.801164
16604,0.9604,0.9604,0.9165,0.000,0.000,0.000,418,439,369,350,391,2025-05-24T00:00:00.801173
16605,0.9604,0.9604,0.9165,0.000,0.000,0.000,339,408,350,398,355,2025-05-24T00:00:00.801182
16606,0.9604,0.9604,0.9165,0.000,0.000,0.000,396,409,368,413,385,2025-05-24T00:00:00.801194
16607,0.9604,0.9604,0.9165,0.000,0.000,0.000,396,437,367,416,404,2025-05-24T00:00:00.801203
16608,0.9604,0.9604,0.9165,0.000,0.000,0.000,411,406,369,352,400,2025-05-24T00:00:00.801212
16609,0.9604,0.9604,0.9165,0.000,0.000,0.000,378,390,377,366,377,2025-05-24T00:00:00.801221
16610,0.9604,0.9604,0.9165,0.000,0.000,0.000,406,403,367,395,381,2025-05-24T00:00:00.801232
16611,0.9604,0.9604,0.9165,0.000,0.000,0.000,425,412,347,388,398,2025-05-24T00:00:00.992456
16612,0.9604,0.9604,0.9165,0.000,0.000,0.000,373,407,359,409,348,2025-05-24T00:00:00.992628
16613,0.9604,0.9604,0.9165,0.000,0.000,0.000,375,424,365,408,388,2025-05-24T00:00:00.992640
16614,0.9604,0.9604,0.9165,0.000,0.000,0.000,388,410,343,352,358,2025-05-24T00:00:00.992651
16615,0.9604,0.9604,0.9165,0.000,0.000,0.000,417,422,370,391,396,2025-05-24T00:00:00.992660
16616,0.9604,0.9604,0.9165,0.000,0.000,0.000,376,402,374,393,411,2025-05-24T00:00:00.992670
16617,0.9604,0.9604,0.9165,0.000,0.000,0.000,403,421,343,395,395,2025-05-24T00:00:00.992862
16618,0.9604,0.9604,0.9165,0.000,0.000,0.000,384,395,349,412,407,2025-05-24T00:00:00.992889
16619,0.9604,0.9604,0.9165,0.000,0.000,0.000,389,424,333,386,315,2025-05-24T00:00:00.992899
16620,0.9604,0.9604,0.9165,0.000,0.000,0.000,415,397,357,400,323,2025-05-24T00:00:00.992909
16621,0.9604,0.9604,0.9165,0.000,0.000,0.000,416,401,363,404,376,2025-05-24T00:00:00.992925
16622,0.9604,0.9604,0.9165,0.000,0.000,0.000,345,411,377,418,393,2025-05-24T00:00:00.992934
16623,0.9604,0.9604,0.9165,0.000,0.000,0.000,405,396,342,313,393,2025-05-24T00:00:00.992942
16624,0.9604,0.9604,0.9165,0.000,0.000,0.000,414,419,349,383,388,2025-05-24T00:00:00.992951
16625,0.9604,0.9604,0.9165,0.000,0.000,0.000,425,401,366,382,388,2025-05-24T00:00:00.992964
16626,0.9604,0.9604,0.9165,0.000,0.000,0.000,410,419,361,405,410,2025-05-24T00:00:00.993020
16627,0.9604,0.9604,0.9165,0.000,0.000,0.000,407,416,326,377,388,2025-05-24T00:00:00.993030
16628,0.9604,0.9604,0.9165,0.000,0.000,0.000,427,413,352,353,387,2025-05-24T00:00:01.195301
16629,0.9604,0.9604,0.9165,0.000,0.000,0.000,425,436,329,387,362,2025-05-24T00:00:01.195348
16630,0.9604,0.9604,0.9165,0.000,0.000,0.000,419,400,328,407,372,2025-05-24T00:00:01.195361
16631,0.9604,0.9604,0.9165,0.000,0.000,0.000,373,414,355,388,377,2025-05-24T00:00:01.195371
16632,0.9604,0.9604,0.9165,0.000,0.000,0.000,409,413,369,389,377,2025-05-24T00:00:01.195400
16633,0.9604,0.9604,0.9165,0.000,0.000,0.000,416,429,378,370,399,2025-05-24T00:00:01.195409
16634,0.9604,0.9604,0.9165,0.000,0.000,0.000,396,412,369,380,311,2025-05-24T00:00:01.195418
16635,0.9604,0.9604,0.9165,0.000,0.000,0.000,391,409,382,405,362,2025-05-24T00:00:01.195428
16636,0.9604,0.9604,0.9165,0.000,0.000,0.000,404,349,385,412,403,2025-05-24T00:00:01.195437
16637,0.9604,0.9604,0.9165,0.000,0.000,0.000,342,405,386,375,391,2025-05-24T00:00:01.195445
16638,0.9604,0.9604,0.9165,0.000,0.000,0.000,406,431,387,337,399,2025-05-24T00:00:01.195454
16639,0.9604,0.9604,0.9165,0.000,0.000,0.000,399,405,376,330,345,2025-05-24T00:00:01.195469
16640,0.9604,0.9604,0.9165,0.000,0.000,0.000,409,419,386,389,370,2025-05-24T00:00:01.195478
16641,0.9604,0.9604,0.9165,0.000,0.000,0.000,393,425,378,410,357,2025-05-24T00:00:01.195486
16642,0.9604,0.9604,0.9165,0.000,0.000,0.000,402,434,386,312,337,2025-05-24T00:00:01.195494
16643,0.9604,0.9604,0.9165,0.000,0.000,0.000,339,408,389,361,329,2025-05-24T00:00:01.195536
16644,0.9604,0.9604,0.9165,0.000,0.000,0.000,376,412,377,391,362,2025-05-24T00:00:01.198424
16645,0.9604,0.9604,0.9165,0.000,0.000,0.000,418,430,355,382,297,2025-05-24T00:00:01.198455
16646,0.9604,0.9604,0.9165,0.000,0.000,0.000,339,421,372,409,357,2025-05-24T00:00:01.431614
16647,0.9604,0.9604,0.9165,0.000,0.000,0.000,401,425,378,412,397,2025-05-24T00:00:01.431662
16648,0.9604,0.9604,0.9165,0.000,0.000,0.000,422,436,349,425,399,2025-05-24T00:00:01.431677
16649,0.9604,0.9604,0.9165,0.000,0.000,0.000,340,419,359,399,411,2025-05-24T00:00:01.431687
16650,0.9604,0.9604,0.9165,0.000,0.000,0.000,403,414,386,414,401,2025-05-24T00:00:01.431696
16651,0.9604,0.9604,0.9165,0.000,0.000,0.000,415,421,391,415,393,2025-05-24T00:00:01.431706
16652,0.9604,0.9604,0.9165,0.000,0.000,0.000,395,425,376,398,309,2025-05-24T00:00:01.431715
16653,0.9604,0.9604,0.9165,0.000,0.000,0.000,412,429,340,389,358,2025-05-24T00:00:01.431743
16654,0.9604,0.9604,0.9165,0.000,0.000,0.000,422,435,346,420,392,2025-05-24T00:00:01.431753
16655,0.9604,0.9604,0.9165,0.000,0.000,0.000,427,348,370,404,398,2025-05-24T00:00:01.431762
16656,0.9604,0.9604,0.9165,0.000,0.000,0.000,428,341,373,345,398,2025-05-24T00:00:01.431770
16657,0.9604,0.9604,0.9165,0.000,0.000,0.000,435,381,386,337,379,2025-05-24T00:00:01.431779
16658,0.9604,0.9604,0.9165,0.000,0.000,0.000,408,419,389,374,411,2025-05-24T00:00:01.431788
16659,0.9604,0.9604,0.9165,0.000,0.000,0.000,430,421,392,411,355,2025-05-24T00:00:01.431796
16660,0.9604,0.9604,0.9165,0.000,0.000,0.000,413,386,394,413,379,2025-05-24T00:00:01.431805
16661,0.9604,0.9604,0.9165,0.000,0.000,0.000,418,403,349,395,376,2025-05-24T00:00:01.431851
16662,0.9604,0.9604,0.9165,0.000,0.000,0.000,410,415,367,398,397,2025-05-24T00:00:01.431861
16663,0.9604,0.9604,0.9165,0.000,0.000,0.000,388,370,363,404,402,2025-05-24T00:00:01.431871
16664,0.9604,0.9604,0.9165,0.000,0.000,0.000,365,389,382,407,399,2025-05-24T00:00:01.431881
16665,0.9604,0.9604,0.9165,0.000,0.000,0.000,411,401,376,308,405,2025-05-24T00:00:01.431890
16666,0.9604,0.9604,0.9165,0.000,0.000,0.000,408,404,306,368,370,2025-05-24T00:00:01.431899
16667,0.9604,0.9604,0.9165,0.000,0.000,0.000,390,424,348,356,380,2025-05-24T00:00:01.517934
16668,0.9604,0.9604,0.9165,0.000,0.000,0.000,419,408,291,388,346,2025-05-24T00:00:01.517985
16669,0.9604,0.9604,0.9165,0.000,0.000,0.000,420,348,302,409,381,2025-05-24T00:00:01.517999
16670,0.0000,0.0000,0.0000,0.000,0.000,0.000,423,416,355,417,382,2025-05-24T00:00:01.518034
16671,0.0000,0.9604,0.9165,0.000,0.000,0.000,375,409,326,414,391,2025-05-24T00:00:01.518044
16672,0.9604,0.9604,0.9165,0.000,0.000,0.000,330,417,347,418,384,2025-05-24T00:00:01.613818
16673,0.9604,0.9604,0.9165,0.000,0.000,0.000,349,419,369,401,397,2025-05-24T00:00:01.613872
16674,0.9604,0.9604,0.9165,0.000,0.000,0.000,315,392,369,408,407,2025-05-24T00:00:01.613909
16675,0.9604,0.9604,0.9165,0.000,0.000,0.000,403,415,362,358,346,2025-05-24T00:00:01.613923
16676,0.9604,0.9604,0.9165,0.000,0.000,0.000,422,438,379,333,368,2025-05-24T00:00:01.613935
16677,0.9604,0.9604,0.9165,0.000,0.000,0.000,348,406,389,393,374,2025-05-24T00:00:01.613947
16678,0.9604,0.9604,0.9165,0.000,0.000,0.000,394,423,393,412,383,2025-05-24T00:00:01.613957
16679,0.9604,0.9604,0.9165,0.000,0.000,0.000,405,343,336,305,381,2025-05-24T00:00:01.613967
16680,0.9604,0.9604,0.9165,0.000,0.000,0.000,425,395,366,372,413,2025-05-24T00:00:01.613977
16681,0.9604,0.9604,0.9165,0.000,0.000,0.000,402,394,372,406,424,2025-05-24T00:00:01.613991
16682,0.9604,0.9604,0.9165,0.000,0.000,0.000,362,407,367,402,411,2025-05-24T00:00:01.614002
16683,0.9604,0.9604,0.9165,0.000,0.000,0.000,386,429,369,409,408,2025-05-24T00:00:01.812326
16684,0.9604,0.9604,0.9165,0.000,0.000,0.000,419,406,372,352,415,2025-05-24T00:00:01.812378
16685,0.9604,0.9604,0.9165,0.000,0.000,0.000,399,426,370,406,419,2025-05-24T00:00:01.812392
16686,0.9604,0.9604,0.9165,0.000,0.000,0.000,402,416,332,306,411,2025-05-24T00:00:01.812403
16687,0.9604,0.9604,0.9165,0.000,0.000,0.000,422,366,360,332,417,2025-05-24T00:00:01.812413
16688,0.9604,0.9604,0.9165,0.000,0.000,0.000,418,395,368,386,404,2025-05-24T00:00:01.812440
16689,0.9604,0.9604,0.9165,0.000,0.000,0.000,353,404,341,386,353,2025-05-24T00:00:01.812454
16690,0.9604,0.9604,0.9165,0.000,0.000,0.000,409,338,360,343,381,2025-05-24T00:00:01.812464
16691,0.9604,0.9604,0.9165,0.000,0.000,0.000,389,399,371,389,378,2025-05-24T00:00:01.812473
16692,0.9604,0.9604,0.9165,0.000,0.000,0.000,407,432,373,401,393,2025-05-24T00:00:01.812482
16693,0.9604,0.9604,0.9165,0.000,0.000,0.000,400,365,370,363,398,2025-05-24T00:00:01.812491
16694,0.9604,0.9604,0.9165,0.000,0.000,0.000,345,404,374,350,412,2025-05-24T00:00:01.812500
16695,0.9604,0.9604,0.9165,0.000,0.000,0.000,344,353,362,342,370,2025-05-24T00:00:01.812513
16696,0.9604,0.9604,0.9165,0.000,0.000,0.000,341,402,370,334,379,2025-05-24T00:00:01.812522
16697,0.9604,0.9604,0.9165,0.000,0.000,0.000,401,388,386,391,385,2025-05-24T00:00:01.812531
16698,0.9604,0.9604,0.9165,0.000,0.000,0.000,412,372,393,412,408,2025-05-24T00:00:01.812573
16699,0.9604,0.9604,0.9165,0.000,0.000,0.000,374,389,381,423,389,2025-05-24T00:00:01.812583
16700,0.9604,0.9604,0.9165,0.000,0.000,0.000,410,428,371,407,397,2025-05-24T00:00:02.017910
16701,0.9604,0.9604,0.9165,0.000,0.000,0.000,399,426,388,423,398,2025-05-24T00:00:02.017962
16702,0.9604,0.9604,0.9165,0.000,0.000,0.000,387,422,393,401,402,2025-05-24T00:00:02.017992
16703,0.9604,0.9604,0.9165,0.000,0.000,0.000,428,412,391,396,356,2025-05-24T00:00:02.018003
16704,0.9604,0.9604,0.9165,0.000,0.000,0.000,391,419,388,398,376,2025-05-24T00:00:02.018017
16705,0.9604,0.9604,0.9165,0.000,0.000,0.000,380,354,352,365,384,2025-05-24T00:00:02.018027
16706,0.9604,0.9604,0.9165,0.000,0.000,0.000,403,408,374,406,311,2025-05-24T00:00:02.018037
16707,0.9604,0.9604,0.9165,0.000,0.000,0.000,424,405,360,381,345,2025-05-24T00:00:02.018074
16708,0.9604,0.9604,0.9165,0.000,0.000,0.000,402,411,362,412,384,2025-05-24T00:00:02.018086
16709,0.9604,0.9604,0.9165,0.000,0.000,0.000,398,413,355,387,392,2025-05-24T00:00:02.018097
16710,0.9604,0.9604,0.9165,0.000,0.000,0.000,435,418,392,415,399,2025-05-24T00:00:02.018113
16711,0.9604,0.9604,0.9165,0.000,0.000,0.000,384,393,378,341,385,2025-05-24T00:00:02.018123
16712,0.9604,0.9604,0.9165,0.000,0.000,0.000,431,423,392,392,396,2025-05-24T00:00:02.018133
16713,0.9604,0.9604,0.9165,0.000,0.000,0.000,375,401,380,363,345,2025-05-24T00:00:02.018142
16714,0.9604,0.9604,0.9165,0.000,0.000,0.000,387,417,390,379,373,2025-05-24T00:00:02.018151
16715,0.9604,0.9604,0.9165,0.000,0.000,0.000,402,355,396,411,380,2025-05-24T00:00:02.018195
16716,0.9604,0.9604,0.9165,0.000,0.000,0.000,378,326,373,402,374,2025-05-24T00:00:02.018205
16717,0.9604,0.9604,0.9165,0.000,0.000,0.000,429,417,401,429,392,2025-05-24T00:00:02.018219
16718,0.9604,0.9604,0.9165,0.000,0.000,0.000,383,407,372,384,396,2025-05-24T00:00:02.240579
16719,0.9604,0.9604,0.9165,0.000,0.000,0.000,398,426,385,407,390,2025-05-24T00:00:02.240633
16720,0.9604,0.9604,0.9165,0.000,0.000,0.000,287,333,372,411,393,2025-05-24T00:00:02.240648
16721,0.9604,0.9604,0.9165,0.000,0.000,0.000,379,378,340,350,394,2025-05-24T00:00:02.240663
16722,0.9604,0.9604,0.9165,0.000,0.000,0.000,421,427,371,371,398,2025-05-24T00:00:02.240674
16723,0.9604,0.9604,0.9165,0.000,0.000,0.000,397,423,333,393,389,2025-05-24T00:00:02.240686
16724,0.9604,0.9604,0.9165,0.000,0.000,0.000,393,429,365,385,390,2025-05-24T00:00:02.240720
16725,0.9604,0.9604,0.9165,0.000,0.000,0.000,339,385,373,388,363,2025-05-24T00:00:02.240735
16726,0.9604,0.9604,0.9165,0.000,0.000,0.000,408,416,336,349,373,2025-05-24T00:00:02.240746
16727,0.9604,0.9604,0.9165,0.000,0.000,0.000,419,420,363,374,345,2025-05-24T00:00:02.240802
16728,0.9604,0.9604,0.9165,0.000,0.000,0.000,408,391,378,392,345,2025-05-24T00:00:02.240820
16729,0.9604,0.9604,0.9165,0.000,0.000,0.000,355,406,376,407,384,2025-05-24T00:00:02.240830
16730,0.9604,0.9604,0.9165,0.000,0.000,0.000,332,404,349,415,381,2025-05-24T00:00:02.240841
16731,0.9604,0.9604,0.9165,0.000,0.000,0.000,402,355,374,423,396,2025-05-24T00:00:02.240854
16732,0.9604,0.9604,0.9165,0.000,0.000,0.000,389,390,384,362,390,2025-05-24T00:00:02.240864
16733,0.9604,0.9604,0.9165,0.000,0.000,0.000,410,382,398,391,383,2025-05-24T00:00:02.241127
16734,0.9604,0.9604,0.9165,0.000,0.000,0.000,408,388,357,380,345,2025-05-24T00:00:02.241138
16735,0.9604,0.9604,0.9165,0.000,0.000,0.000,429,411,361,338,364,2025-05-24T00:00:02.241148
16736,0.9604,0.9604,0.9165,0.000,0.000,0.000,414,401,364,373,332,2025-05-24T00:00:02.241157
16737,0.9604,0.9604,0.9165,0.000,0.000,0.000,394,427,333,378,386,2025-05-24T00:00:02.241167
16738,0.9604,0.9604,0.9165,0.000,0.000,0.000,435,399,350,346,379,2025-05-24T00:00:02.425237
16739,0.9604,0.9604,0.9165,0.000,0.000,0.000,414,395,364,375,403,2025-05-24T00:00:02.425284
16740,0.9604,0.9604,0.9165,0.000,0.000,0.000,397,397,361,384,355,2025-05-24T00:00:02.425297
16741,0.9604,0.9604,0.9165,0.000,0.000,0.000,409,415,376,344,335,2025-05-24T00:00:02.425307
16742,0.9604,0.9604,0.9165,0.000,0.000,0.000,393,392,353,373,375,2025-05-24T00:00:02.425317
16743,0.9604,0.9604,0.9165,0.000,0.000,0.000,393,404,378,394,380,2025-05-24T00:00:02.425326
16744,0.9604,0.9604,0.9165,0.000,0.000,0.000,349,405,382,389,384,2025-05-24T00:00:02.425335
16745,0.9604,0.9604,0.9165,0.000,0.000,0.000,390,425,369,391,388,2025-05-24T00:00:02.425436
16746,0.9604,0.9604,0.9165,0.000,0.000,0.000,420,372,373,418,412,2025-05-24T00:00:02.425447
16747,0.9604,0.9604,0.9165,0.000,0.000,0.000,361,423,371,412,410,2025-05-24T00:00:02.425456
16748,0.9604,0.9604,0.9165,0.000,0.000,0.000,359,429,372,379,390,2025-05-24T00:00:02.425464
16749,0.9604,0.9604,0.9165,0.000,0.000,0.000,411,434,351,401,400,2025-05-24T00:00:02.425473
16750,0.9604,0.9604,0.9165,0.000,0.000,0.000,405,419,367,414,411,2025-05-24T00:00:02.425482
16751,0.9604,0.9604,0.9165,0.000,0.000,0.000,397,403,381,387,351,2025-05-24T00:00:02.425490
16752,0.9604,0.9604,0.9165,0.000,0.000,0.000,415,426,375,336,369,2025-05-24T00:00:02.425527
16753,0.9604,0.9604,0.9165,0.000,0.000,0.000,408,398,341,364,408,2025-05-24T00:00:02.425571
16754,0.9604,0.9604,0.9165,0.000,0.000,0.000,366,371,354,397,399,2025-05-24T00:00:02.475935
16755,0.9604,0.9604,0.9165,0.000,0.000,0.000,376,384,361,403,402,2025-05-24T00:00:02.476525
16756,0.9604,0.9604,0.9165,0.000,0.000,0.000,419,393,356,356,351,2025-05-24T00:00:02.476931
16757,0.9604,0.9604,0.9165,0.000,0.000,0.000,415,425,325,383,398,2025-05-24T00:00:02.477291
16758,0.9604,0.9604,0.9165,0.000,0.000,0.000,408,411,351,409,388,2025-05-24T00:00:02.477659
16759,0.9604,0.9604,0.9165,0.000,0.000,0.000,429,418,369,397,384,2025-05-24T00:00:02.629265
16760,0.9604,0.9604,0.9165,0.000,0.000,0.000,434,425,380,423,401,2025-05-24T00:00:02.629621
16761,0.9604,0.9604,0.9165,0.000,0.000,0.000,424,361,363,351,405,2025-05-24T00:00:02.630100
16762,0.9604,0.9604,0.9165,0.000,0.000,0.000,413,336,350,394,416,2025-05-24T00:00:02.630346
16763,0.9604,0.9604,0.9165,0.000,0.000,0.000,382,389,373,406,365,2025-05-24T00:00:02.630740
16764,0.9604,0.9604,0.9165,0.000,0.000,0.000,418,417,380,372,343,2025-05-24T00:00:02.631126
16765,0.9604,0.9604,0.9165,0.000,0.000,0.000,406,400,338,369,375,2025-05-24T00:00:02.631492
16766,0.9604,0.9604,0.9165,0.000,0.000,0.000,428,411,365,332,382,2025-05-24T00:00:02.631800
16767,0.9604,0.9604,0.9165,0.000,0.000,0.000,362,404,374,396,364,2025-05-24T00:00:02.632132
16768,0.9604,0.9604,0.9165,0.000,0.000,0.000,384,397,371,401,383,2025-05-24T00:00:02.632408
16769,0.9604,0.9604,0.9165,0.000,0.000,0.000,414,384,378,424,354,2025-05-24T00:00:02.632853
16770,0.9604,0.9604,0.9165,0.000,0.000,0.000,408,409,385,393,379,2025-05-24T00:00:02.633187
16771,0.9604,0.9604,0.9165,0.000,0.000,0.000,405,415,393,401,397,2025-05-24T00:00:02.633514
16772,0.9604,0.9604,0.9165,0.000,0.000,0.000,412,422,384,422,354,2025-05-24T00:00:02.834422
16773,0.9604,0.9604,0.9165,0.000,0.000,0.000,434,428,353,406,370,2025-05-24T00:00:02.834938
16774,0.9604,0.9604,0.9165,0.000,0.000,0.000,435,410,367,411,397,2025-05-24T00:00:02.835338
16775,0.9604,0.9604,0.9165,0.000,0.000,0.000,397,416,379,419,408,2025-05-24T00:00:02.835655
16776,0.9604,0.9604,0.9165,0.000,0.000,0.000,426,419,387,360,404,2025-05-24T00:00:02.835816
16777,0.9604,0.9604,0.9165,0.000,0.000,0.000,379,402,352,380,373,2025-05-24T00:00:02.835900
16778,0.9604,0.9604,0.9165,0.000,0.000,0.000,406,445,367,396,356,2025-05-24T00:00:02.836061
16779,0.9604,0.9604,0.9165,0.000,0.000,0.000,412,426,380,373,351,2025-05-24T00:00:02.836328
16780,0.9604,0.9604,0.9165,0.000,0.000,0.000,401,429,370,382,377,2025-05-24T00:00:02.836635
16781,0.9604,0.9604,0.9165,0.000,0.000,0.000,337,426,340,369,391,2025-05-24T00:00:02.836828
16782,0.9604,0.9604,0.9165,0.000,0.000,0.000,323,421,350,347,396,2025-05-24T00:00:02.837225
16783,0.9604,0.9604,0.9165,0.000,0.000,0.000,391,432,341,378,420,2025-05-24T00:00:02.837536
16784,0.9604,0.9604,0.9165,0.000,0.000,0.000,343,386,351,330,355,2025-05-24T00:00:02.837819
16785,0.9604,0.9604,0.9165,0.000,0.000,0.000,393,395,332,392,387,2025-05-24T00:00:02.838120
16786,0.9604,0.9604,0.9165,0.000,0.000,0.000,388,425,343,386,409,2025-05-24T00:00:02.838408
16787,0.9604,0.9604,0.9165,0.000,0.000,0.000,419,400,370,417,391,2025-05-24T00:00:02.838751
16788,0.9604,0.9604,0.9165,0.000,0.000,0.000,397,423,378,411,406,2025-05-24T00:00:02.838999
16789,0.9604,0.9604,0.9165,0.000,0.000,0.000,408,427,377,408,397,2025-05-24T00:00:02.839299
16790,0.9604,0.9604,0.9165,0.000,0.000,0.000,422,441,346,359,413,2025-05-24T00:00:03.053425
16791,0.9604,0.9604,0.9165,0.000,0.000,0.000,407,387,347,394,400,2025-05-24T00:00:03.053780
16792,0.9604,0.9604,0.9165,0.000,0.000,0.000,438,374,377,408,416,2025-05-24T00:00:03.054001
16793,0.9604,0.9604,0.9165,0.000,0.000,0.000,357,382,381,405,396,2025-05-24T00:00:03.054155
16794,0.9604,0.9604,0.9165,0.000,0.000,0.000,415,392,394,372,392,2025-05-24T00:00:03.054277
16795,0.9604,0.9604,0.9165,0.000,0.000,0.000,378,421,385,407,397,2025-05-24T00:00:03.054426
16796,0.9604,0.9604,0.9165,0.000,0.000,0.000,389,357,384,409,381,2025-05-24T00:00:03.054584
16797,0.9604,0.9604,0.9165,0.000,0.000,0.000,395,410,394,365,406,2025-05-24T00:00:03.054700
16798,0.9604,0.9604,0.9165,0.000,0.000,0.000,405,341,391,391,387,2025-05-24T00:00:03.054837
16799,0.9604,0.9604,0.9165,0.000,0.000,0.000,405,403,395,346,393,2025-05-24T00:00:03.054960
16800,0.9604,0.9604,0.9165,0.000,0.000,0.000,397,406,392,377,383,2025-05-24T00:00:03.055101
16801,0.9604,0.9604,0.9165,0.000,0.000,0.000,421,397,392,341,397,2025-05-24T00:00:03.055333
16802,0.9604,0.9604,0.9165,0.000,0.000,0.000,404,409,376,404,357,2025-05-24T00:00:03.055486
16803,0.9604,0.9604,0.9165,0.000,0.000,0.000,429,401,376,387,367,2025-05-24T00:00:03.055609
16804,0.9604,0.9604,0.9165,0.000,0.000,0.000,349,421,380,416,409,2025-05-24T00:00:03.055773
16805,0.9604,0.9604,0.9165,0.000,0.000,0.000,398,393,372,411,390,2025-05-24T00:00:03.055977
16806,0.9604,0.9604,0.9165,0.000,0.000,0.000,428,410,397,406,373,2025-05-24T00:00:03.056187
16807,0.9604,0.9604,0.9165,0.000,0.000,0.000,392,392,352,369,393,2025-05-24T00:00:03.056325
16808,0.9604,0.9604,0.9165,0.000,0.000,0.000,425,371,354,393,403,2025-05-24T00:00:03.056487
16809,0.9604,0.9604,0.9165,0.000,0.000,0.000,389,331,365,389,383,2025-05-24T00:00:03.056616
16810,0.9604,0.9604,0.9165,0.000,0.000,0.000,392,408,382,392,359,2025-05-24T00:00:03.243509
16811,0.9604,0.9604,0.9165,0.000,0.000,0.000,413,400,383,411,398,2025-05-24T00:00:03.243953
16812,0.9604,0.9604,0.9165,0.000,0.000,0.000,405,412,349,414,389,2025-05-24T00:00:03.244284
16813,0.9604,0.9604,0.9165,0.000,0.000,0.000,415,350,373,412,393,2025-05-24T00:00:03.244478
16814,0.9604,0.9604,0.9165,0.000,0.000,0.000,385,397,364,404,354,2025-05-24T00:00:03.244577
16815,0.9604,0.9604,0.9165,0.000,0.000,0.000,421,427,370,359,390,2025-05-24T00:00:03.245140
16816,0.9604,0.9604,0.9165,0.000,0.000,0.000,416,369,374,402,367,2025-05-24T00:00:03.245276
16817,0.9604,0.9604,0.9165,0.000,0.000,0.000,399,379,377,416,380,2025-05-24T00:00:03.245451
16818,0.9604,0.9604,0.9165,0.000,0.000,0.000,409,391,369,424,417,2025-05-24T00:00:03.245724
16819,0.9604,0.9604,0.9165,0.000,0.000,0.000,416,393,376,410,375,2025-05-24T00:00:03.245905
16820,0.9604,0.9604,0.9165,0.000,0.000,0.000,424,375,379,409,390,2025-05-24T00:00:03.246093
16821,0.9604,0.9604,0.9165,0.000,0.000,0.000,390,392,385,411,398,2025-05-24T00:00:03.246257
16822,0.9604,0.9604,0.9165,0.000,0.000,0.000,411,394,381,425,415,2025-05-24T00:00:03.246588
16823,0.9604,0.9604,0.9165,0.000,0.000,0.000,405,413,377,351,410,2025-05-24T00:00:03.246736
16824,0.9604,0.9604,0.9165,0.000,0.000,0.000,379,411,373,392,414,2025-05-24T00:00:03.246904
16825,0.9604,0.9604,0.9165,0.000,0.000,0.000,411,344,336,417,413,2025-05-24T00:00:03.247087
16826,0.9604,0.9604,0.9165,0.000,0.000,0.000,339,318,367,418,413,2025-05-24T00:00:03.449900
16827,0.9604,0.9604,0.9165,0.000,0.000,0.000,382,404,348,377,419,2025-05-24T00:00:03.450405
16828,0.9604,0.9604,0.9165,0.000,0.000,0.000,412,342,362,392,402,2025-05-24T00:00:03.450691
16829,0.9604,0.9604,0.9165,0.000,0.000,0.000,410,401,362,361,408,2025-05-24T00:00:03.451028
16830,0.9604,0.9604,0.9165,0.000,0.000,0.000,410,296,372,397,394,2025-05-24T00:00:03.451411
16831,0.9604,0.9604,0.9165,0.000,0.000,0.000,398,402,384,307,337,2025-05-24T00:00:03.451998
16832,0.9604,0.9604,0.9165,0.000,0.000,0.000,393,402,389,377,379,2025-05-24T00:00:03.452229
16833,0.9604,0.9604,0.9165,0.000,0.000,0.000,418,399,394,403,388,2025-05-24T00:00:03.452467
16834,0.9604,0.9604,0.9165,0.000,0.000,0.000,432,434,401,397,351,2025-05-24T00:00:03.452779
16835,0.9604,0.9604,0.9165,0.000,0.000,0.000,419,427,385,398,385,2025-05-24T00:00:03.453085
16836,0.9604,0.9604,0.9165,0.000,0.000,0.000,436,441,384,400,397,2025-05-24T00:00:03.453351
16837,0.9604,0.9604,0.9165,0.000,0.000,0.000,394,411,384,364,394,2025-05-24T00:00:03.453718
16838,0.9604,0.9604,0.9165,0.000,0.000,0.000,420,349,389,337,393,2025-05-24T00:00:03.454078
16839,0.9604,0.9604,0.9165,0.000,0.000,0.000,405,323,374,382,410,2025-05-24T00:00:03.454309
16840,0.9604,0.9604,0.9165,0.000,0.000,0.000,403,381,385,398,396,2025-05-24T00:00:03.454609
16841,0.9604,0.9604,0.9165,0.000,0.000,0.000,380,419,384,403,416,2025-05-24T00:00:03.454840
16842,0.9604,0.9604,0.9165,0.000,0.000,0.000,293,374,377,387,401,2025-05-24T00:00:03.455064
16843,0.9604,0.9604,0.9165,0.000,0.000,0.000,366,407,375,397,392,2025-05-24T00:00:03.455355
16844,0.9604,0.9604,0.9165,0.000,0.000,0.000,378,353,371,399,385,2025-05-24T00:00:03.507894
16845,0.9604,0.9604,0.9165,0.000,0.000,0.000,391,383,366,424,364,2025-05-24T00:00:03.508482
16846,0.9604,0.9604,0.9165,0.000,0.000,0.000,371,423,373,424,394,2025-05-24T00:00:03.508937
16847,0.9604,0.9604,0.9165,0.000,0.000,0.000,426,390,379,407,385,2025-05-24T00:00:03.509431
16848,0.9604,0.9604,0.9165,0.000,0.000,0.000,421,396,384,423,408,2025-05-24T00:00:03.509870
16849,0.9604,0.9604,0.9165,0.000,0.000,0.000,414,425,370,395,388,2025-05-24T00:00:03.590498
16850,0.9604,0.9604,0.9165,0.000,0.000,0.000,354,372,389,418,415,2025-05-24T00:00:03.590811
16851,0.9604,0.9604,0.9165,0.000,0.000,0.000,391,403,378,354,402,2025-05-24T00:00:03.590974
16852,0.9604,0.9604,0.9165,0.000,0.000,0.000,360,382,381,404,416,2025-05-24T00:00:03.591090
16853,0.9604,0.9604,0.9165,0.000,0.000,0.000,327,414,376,390,418,2025-05-24T00:00:03.591186
16854,0.9604,0.9604,0.9165,0.000,0.000,0.000,380,412,336,416,420,2025-05-24T00:00:03.645770
16855,0.9604,0.9604,0.9165,0.000,0.000,0.000,394,426,371,424,327,2025-05-24T00:00:03.646070
16856,0.9604,0.9604,0.9165,0.000,0.000,0.000,401,432,375,400,378,2025-05-24T00:00:03.646431
16857,0.9604,0.9604,0.9165,0.000,0.000,0.000,420,408,388,408,308,2025-05-24T00:00:03.646742
16858,0.9604,0.9604,0.9165,0.000,0.000,0.000,386,409,382,345,373,2025-05-24T00:00:03.647023
16859,0.9604,0.9604,0.9165,0.000,0.000,0.000,392,431,389,381,389,2025-05-24T00:00:03.647273
16860,0.9604,0.9604,0.9165,0.000,0.000,0.000,416,374,341,400,365,2025-05-24T00:00:03.647492
16861,0.9604,0.9604,0.9165,0.000,0.000,0.000,420,414,379,400,357,2025-05-24T00:00:03.860917
16862,0.9604,0.9604,0.9165,0.000,0.000,0.000,405,398,385,397,387,2025-05-24T00:00:03.861394
16863,0.9604,0.9604,0.9165,0.000,0.000,0.000,416,390,380,391,393,2025-05-24T00:00:03.861775
16864,0.9604,0.9604,0.9165,0.000,0.000,0.000,407,409,386,425,403,2025-05-24T00:00:03.862063
16865,0.9604,0.9604,0.9165,0.000,0.000,0.000,389,411,377,391,390,2025-05-24T00:00:03.862239
16866,0.9604,0.9604,0.9165,0.000,0.000,0.000,424,411,385,395,380,2025-05-24T00:00:03.862410
16867,0.9604,0.9604,0.9165,0.000,0.000,0.000,399,417,375,397,389,2025-05-24T00:00:03.862599
16868,0.9604,0.9604,0.9165,0.000,0.000,0.000,414,432,391,388,385,2025-05-24T00:00:03.862746
16869,0.9604,0.9604,0.9165,0.000,0.000,0.000,412,429,388,405,386,2025-05-24T00:00:03.862894
16870,0.9604,0.9604,0.9165,0.000,0.000,0.000,378,405,384,416,377,2025-05-24T00:00:03.863061
16871,0.9604,0.9604,0.9165,0.000,0.000,0.000,421,424,388,382,387,2025-05-24T00:00:03.863150
16872,0.9604,0.9604,0.9165,0.000,0.000,0.000,413,343,338,399,393,2025-05-24T00:00:03.863226
16873,0.9604,0.9604,0.9165,0.000,0.000,0.000,396,367,357,424,416,2025-05-24T00:00:03.863298
16874,0.9604,0.9604,0.9165,0.000,0.000,0.000,337,396,344,412,408,2025-05-24T00:00:03.863394
16875,0.9604,0.9604,0.9165,0.000,0.000,0.000,411,394,359,406,406,2025-05-24T00:00:03.863575
16876,0.9604,0.9604,0.9165,0.000,0.000,0.000,400,357,369,392,395,2025-05-24T00:00:03.863774
16877,0.9604,0.9604,0.9165,0.000,0.000,0.000,395,386,370,396,348,2025-05-24T00:00:03.863992
16878,0.9604,0.9604,0.9165,0.000,0.000,0.000,410,346,378,408,394,2025-05-24T00:00:03.864191
16879,0.9604,0.9604,0.9165,0.000,0.000,0.000,411,378,369,348,363,2025-05-24T00:00:03.864313
16880,0.9604,0.9604,0.9165,0.000,0.000,0.000,416,298,371,392,344,2025-05-24T00:00:03.864466
16881,0.9604,0.9604,0.9165,0.000,0.000,0.000,406,363,359,378,386,2025-05-24T00:00:03.914296
16882,0.9604,0.9604,0.9165,0.000,0.000,0.000,406,431,378,401,395,2025-05-24T00:00:03.914894
16883,0.9604,0.9604,0.9165,0.000,0.000,0.000,403,414,346,399,410,2025-05-24T00:00:03.915132
16884,0.9604,0.9604,0.9165,0.000,0.000,0.000,406,374,359,340,307,2025-05-24T00:00:03.915281
16885,0.9604,0.9604,0.9165,0.000,0.000,0.000,414,408,363,366,382,2025-05-24T00:00:03.965607
16886,0.9604,0.9604,0.9165,0.000,0.000,0.000,401,414,339,376,400,2025-05-24T00:00:03.966021
16887,0.9604,0.9604,0.9165,0.000,0.000,0.000,424,428,372,370,363,2025-05-24T00:00:03.966295
16888,0.9604,0.9604,0.9165,0.000,0.000,0.000,412,406,368,399,396,2025-05-24T00:00:03.966742
16889,0.9604,0.9604,0.9165,0.000,0.000,0.000,372,431,385,352,400,2025-05-24T00:00:03.967323
16890,0.9604,0.9604,0.9165,0.000,0.000,0.000,358,414,345,392,391,2025-05-24T00:00:04.063583
16891,0.9604,0.9604,0.9165,0.000,0.000,0.000,403,431,366,418,384,2025-05-24T00:00:04.064044
16892,0.9604,0.9604,0.9165,0.000,0.000,0.000,357,434,340,411,401,2025-05-24T00:00:04.064388
16893,0.9604,0.9604,0.9165,0.000,0.000,0.000,401,346,319,395,405,2025-05-24T00:00:04.064696
16894,0.9604,0.9604,0.9165,0.000,0.000,0.000,408,422,352,360,405,2025-05-24T00:00:04.064914
16895,0.9604,0.9604,0.9165,0.000,0.000,0.000,394,431,366,404,413,2025-05-24T00:00:04.065190
16896,0.9604,0.9604,0.9165,0.000,0.000,0.000,410,390,377,411,412,2025-05-24T00:00:04.065390
16897,0.9604,0.9604,0.9165,0.000,0.000,0.000,349,389,370,422,402,2025-05-24T00:00:04.065628
16898,0.9604,0.9604,0.9165,0.000,0.000,0.000,333,339,367,414,352,2025-05-24T00:00:04.267658
16899,0.9604,0.9604,0.9165,0.000,0.000,0.000,336,408,383,400,401,2025-05-24T00:00:04.268198
16900,0.9604,0.9604,0.9165,0.000,0.000,0.000,384,400,381,341,386,2025-05-24T00:00:04.268469
16901,0.9604,0.9604,0.9165,0.000,0.000,0.000,404,352,337,381,405,2025-05-24T00:00:04.268982
16902,0.9604,0.9604,0.9165,0.000,0.000,0.000,404,344,360,379,348,2025-05-24T00:00:04.269317
16903,0.9604,0.9604,0.9165,0.000,0.000,0.000,365,417,377,399,333,2025-05-24T00:00:04.269507
16904,0.9604,0.9604,0.9165,0.000,0.000,0.000,342,400,339,389,367,2025-05-24T00:00:04.269691
16905,0.9604,0.9604,0.9165,0.000,0.000,0.000,406,350,358,407,384,2025-05-24T00:00:04.269847
16906,0.9604,0.9604,0.9165,0.000,0.000,0.000,427,416,369,399,402,2025-05-24T00:00:04.270083
16907,0.9604,0.9604,0.9165,0.000,0.000,0.000,387,392,374,408,346,2025-05-24T00:00:04.270314
16908,0.9604,0.9604,0.9165,0.000,0.000,0.000,418,414,393,399,384,2025-05-24T00:00:04.270523
16909,0.9604,0.9604,0.9165,0.000,0.000,0.000,412,423,371,409,384,2025-05-24T00:00:04.270659
16910,0.9604,0.9604,0.9165,0.000,0.000,0.000,307,426,389,421,403,2025-05-24T00:00:04.270817
16911,0.9604,0.9604,0.9165,0.000,0.000,0.000,383,422,375,422,362,2025-05-24T00:00:04.271223
16912,0.9604,0.9604,0.9165,0.000,0.000,0.000,410,432,394,378,393,2025-05-24T00:00:04.271356
16913,0.9604,0.9604,0.9165,0.000,0.000,0.000,417,411,387,386,417,2025-05-24T00:00:04.271623
16914,0.9604,0.9604,0.9165,0.000,0.000,0.000,428,396,378,341,350,2025-05-24T00:00:04.271894
16915,0.9604,0.9604,0.9165,0.000,0.000,0.000,422,399,383,372,388,2025-05-24T00:00:04.272063
16916,0.9604,0.9604,0.9165,0.000,0.000,0.000,396,425,372,343,397,2025-05-24T00:00:04.315718
16917,0.9604,0.9604,0.9165,0.000,0.000,0.000,399,402,384,388,373,2025-05-24T00:00:04.316218
16918,0.9604,0.9604,0.9165,0.000,0.000,0.000,403,402,391,392,394,2025-05-24T00:00:04.316457
16919,0.9604,0.9604,0.9165,0.000,0.000,0.000,417,424,388,361,381,2025-05-24T00:00:04.316722
16920,0.9604,0.9604,0.9165,0.000,0.000,0.000,400,407,377,383,379,2025-05-24T00:00:04.316959
16921,0.9604,0.9604,0.9165,0.000,0.000,0.000,412,352,379,400,391,2025-05-24T00:00:04.399451
16922,0.9604,0.9604,0.9165,0.000,0.000,0.000,426,428,360,406,410,2025-05-24T00:00:04.400022
16923,0.9604,0.9604,0.9165,0.000,0.000,0.000,406,426,370,401,407,2025-05-24T00:00:04.400461
16924,0.9604,0.9604,0.9165,0.000,0.000,0.000,398,433,386,403,406,2025-05-24T00:00:04.400875
16925,0.9604,0.9604,0.9165,0.000,0.000,0.000,402,384,351,413,406,2025-05-24T00:00:04.491278
16926,0.9604,0.9604,0.9165,0.000,0.000,0.000,425,420,373,410,402,2025-05-24T00:00:04.491614
16927,0.9604,0.9604,0.9165,0.000,0.000,0.000,359,431,387,394,418,2025-05-24T00:00:04.491822
16928,0.9604,0.9604,0.9165,0.000,0.000,0.000,393,434,382,396,397,2025-05-24T00:00:04.491958
16929,0.9604,0.9604,0.9165,0.000,0.000,0.000,388,430,386,373,415,2025-05-24T00:00:04.492072
16930,0.9604,0.9604,0.9165,0.000,0.000,0.000,406,429,382,380,419,2025-05-24T00:00:04.492386
16931,0.9604,0.9604,0.9165,0.000,0.000,0.000,416,448,359,397,396,2025-05-24T00:00:04.492575
16932,0.9604,0.9604,0.9165,0.000,0.000,0.000,420,399,368,407,402,2025-05-24T00:00:04.492902
16933,0.9604,0.9604,0.9165,0.000,0.000,0.000,415,425,371,406,413,2025-05-24T00:00:04.493236
16934,0.9604,0.9604,0.9165,0.000,0.000,0.000,417,409,374,372,360,2025-05-24T00:00:04.493533
16935,0.9604,0.9604,0.9165,0.000,0.000,0.000,413,342,366,375,391,2025-05-24T00:00:04.493745
16936,0.9604,0.9604,0.9165,0.000,0.000,0.000,402,359,383,391,385,2025-05-24T00:00:04.677670
16937,0.9604,0.9604,0.9165,0.000,0.000,0.000,407,390,350,401,379,2025-05-24T00:00:04.678068
16938,0.9604,0.9604,0.9165,0.000,0.000,0.000,426,406,362,315,397,2025-05-24T00:00:04.678346
16939,0.9604,0.9604,0.9165,0.000,0.000,0.000,334,416,323,355,396,2025-05-24T00:00:04.678522
16940,0.9604,0.9604,0.9165,0.000,0.000,0.000,335,396,353,401,348,2025-05-24T00:00:04.678757
16941,0.9604,0.9604,0.9165,0.000,0.000,0.000,401,390,380,349,366,2025-05-24T00:00:04.678969
16942,0.9604,0.9604,0.9165,0.000,0.000,0.000,399,407,373,385,379,2025-05-24T00:00:04.679175
16943,0.9604,0.9604,0.9165,0.000,0.000,0.000,403,425,384,391,397,2025-05-24T00:00:04.679438
16944,0.9604,0.9604,0.9165,0.000,0.000,0.000,408,418,386,388,406,2025-05-24T00:00:04.679546
16945,0.9604,0.9604,0.9165,0.000,0.000,0.000,413,423,389,393,401,2025-05-24T00:00:04.679637
16946,0.9604,0.9604,0.9165,0.000,0.000,0.000,415,393,366,363,388,2025-05-24T00:00:04.679706
16947,0.9604,0.9604,0.9165,0.000,0.000,0.000,407,402,385,402,394,2025-05-24T00:00:04.679792
16948,0.9604,0.9604,0.9165,0.000,0.000,0.000,393,394,345,386,409,2025-05-24T00:00:04.679904
16949,0.9604,0.9604,0.9165,0.000,0.000,0.000,407,418,375,387,393,2025-05-24T00:00:04.680021
16950,0.9604,0.9604,0.9165,0.000,0.000,0.000,426,413,374,423,392,2025-05-24T00:00:04.680126
16951,0.9604,0.9604,0.9165,0.000,0.000,0.000,428,357,358,351,397,2025-05-24T00:00:04.680236
16952,0.9604,0.9604,0.9165,0.000,0.000,0.000,415,391,336,342,408,2025-05-24T00:00:04.725164
16953,0.9604,0.9604,0.9165,0.000,0.000,0.000,385,400,361,375,408,2025-05-24T00:00:04.726044
16954,0.9604,0.9604,0.9165,0.000,0.000,0.000,427,411,379,397,392,2025-05-24T00:00:04.726396
16955,0.9604,0.9604,0.9165,0.000,0.000,0.000,358,430,353,399,402,2025-05-24T00:00:04.726629
16956,0.9604,0.9604,0.9165,0.000,0.000,0.000,402,418,366,394,345,2025-05-24T00:00:04.886047
16957,0.9604,0.9604,0.9165,0.000,0.000,0.000,413,414,376,392,352,2025-05-24T00:00:04.886589
16958,0.9604,0.9604,0.9165,0.000,0.000,0.000,392,406,370,393,374,2025-05-24T00:00:04.887019
16959,0.9604,0.9604,0.9165,0.000,0.000,0.000,414,407,387,414,387,2025-05-24T00:00:04.887427
16960,0.9604,0.9604,0.9165,0.000,0.000,0.000,408,411,340,387,384,2025-05-24T00:00:04.887787
16961,0.9604,0.9604,0.9165,0.000,0.000,0.000,422,429,363,399,404,2025-05-24T00:00:04.888153
16962,0.9604,0.9604,0.9165,0.000,0.000,0.000,417,421,377,401,404,2025-05-24T00:00:04.888514
16963,0.9604,0.9604,0.9165,0.000,0.000,0.000,409,422,390,410,352,2025-05-24T00:00:04.888870
16964,0.9604,0.9604,0.9165,0.000,0.000,0.000,421,417,389,388,357,2025-05-24T00:00:04.889240
16965,0.9604,0.9604,0.9165,0.000,0.000,0.000,394,355,342,385,377,2025-05-24T00:00:04.889596
16966,0.9604,0.9604,0.9165,0.000,0.000,0.000,408,414,363,403,384,2025-05-24T00:00:04.889802
16967,0.9604,0.9604,0.9165,0.000,0.000,0.000,402,398,362,392,358,2025-05-24T00:00:04.890028
16968,0.9604,0.9604,0.9165,0.000,0.000,0.000,420,431,375,389,399,2025-05-24T00:00:04.890398
16969,0.9604,0.9604,0.9165,0.000,0.000,0.000,414,425,385,403,403,2025-05-24T00:00:04.890691
16970,0.9604,0.9604,0.9165,0.000,0.000,0.000,425,352,390,404,395,2025-05-24T00:00:04.890963
16971,0.9604,0.9604,0.9165,0.000,0.000,0.000,421,409,381,397,410,2025-05-24T00:00:05.119329
16972,0.9604,0.9604,0.9165,0.000,0.000,0.000,419,412,307,397,386,2025-05-24T00:00:05.119742
16973,0.9604,0.9604,0.9165,0.000,0.000,0.000,435,406,354,372,388,2025-05-24T00:00:05.119925
16974,0.9604,0.9604,0.9165,0.000,0.000,0.000,399,336,369,388,397,2025-05-24T00:00:05.120205
16975,0.9604,0.9604,0.9165,0.000,0.000,0.000,344,284,377,412,406,2025-05-24T00:00:05.120613
16976,0.9604,0.9604,0.9165,0.000,0.000,0.000,401,388,373,382,411,2025-05-24T00:00:05.120773
16977,0.9604,0.9604,0.9165,0.000,0.000,0.000,420,304,368,342,396,2025-05-24T00:00:05.120922
16978,0.9604,0.9604,0.9165,0.000,0.000,0.000,400,377,384,378,406,2025-05-24T00:00:05.121014
16979,0.9604,0.9604,0.9165,0.000,0.000,0.000,383,402,382,406,418,2025-05-24T00:00:05.121082
16980,0.9604,0.9604,0.9165,0.000,0.000,0.000,418,437,391,407,407,2025-05-24T00:00:05.121144
16981,0.9604,0.9604,0.9165,0.000,0.000,0.000,397,341,388,391,388,2025-05-24T00:00:05.121208
16982,0.9604,0.9604,0.9165,0.000,0.000,0.000,381,397,381,407,404,2025-05-24T00:00:05.121333
16983,0.9604,0.9604,0.9165,0.000,0.000,0.000,415,421,336,412,391,2025-05-24T00:00:05.121586
16984,0.9604,0.9604,0.9165,0.000,0.000,0.000,419,398,364,360,357,2025-05-24T00:00:05.121828
16985,0.9604,0.9604,0.9165,0.000,0.000,0.000,419,415,362,392,355,2025-05-24T00:00:05.122116
16986,0.9604,0.9604,0.9165,0.000,0.000,0.000,420,352,373,399,367,2025-05-24T00:00:05.122628
16987,0.9604,0.9604,0.9165,0.000,0.000,0.000,400,412,340,366,358,2025-05-24T00:00:05.122733
16988,0.9604,0.9604,0.9165,0.000,0.000,0.000,396,348,361,374,392,2025-05-24T00:00:05.122856
16989,0.9604,0.9604,0.9165,0.000,0.000,0.000,420,378,339,396,315,2025-05-24T00:00:05.173779
16990,0.9604,0.9604,0.9165,0.000,0.000,0.000,390,388,328,338,377,2025-05-24T00:00:05.174205
16991,0.9604,0.9604,0.9165,0.000,0.000,0.000,385,410,367,332,339,2025-05-24T00:00:05.174393
16992,0.9604,0.9604,0.9165,0.000,0.000,0.000,405,425,378,369,394,2025-05-24T00:00:05.174839
16993,0.9604,0.9604,0.9165,0.000,0.000,0.000,385,401,371,397,384,2025-05-24T00:00:05.175289
16994,0.9604,0.9604,0.9165,0.000,0.000,0.000,344,399,373,424,355,2025-05-24T00:00:05.175655
16995,0.9604,0.9604,0.9165,0.000,0.000,0.000,401,428,367,405,383,2025-05-24T00:00:05.176017
16996,0.9604,0.9604,0.9165,0.000,0.000,0.000,417,421,385,407,388,2025-05-24T00:00:05.225513
16997,0.9604,0.9604,0.9165,0.000,0.000,0.000,351,413,378,349,384,2025-05-24T00:00:05.226382
16998,0.9604,0.9604,0.9165,0.000,0.000,0.000,419,411,391,384,310,2025-05-24T00:00:05.226673
16999,0.9604,0.9604,0.9165,0.000,0.000,0.000,396,403,379,377,384,2025-05-24T00:00:05.226951
17000,0.9604,0.9604,0.9165,0.000,0.000,0.000,415,430,346,388,390,2025-05-24T00:00:05.479715
17001,0.9604,0.9604,0.9165,0.000,0.000,0.000,302,432,377,410,398,2025-05-24T00:00:05.479920
17002,0.9604,0.9604,0.9165,0.000,0.000,0.000,321,430,385,401,392,2025-05-24T00:00:05.480047
17003,0.9604,0.9604,0.9165,0.000,0.000,0.000,339,412,358,396,354,2025-05-24T00:00:05.480152
17004,0.9604,0.9604,0.9165,0.000,0.000,0.000,398,399,360,342,343,2025-05-24T00:00:05.480363
17005,0.9604,0.9604,0.9165,0.000,0.000,0.000,397,399,374,386,392,2025-05-24T00:00:05.480594
17006,0.9604,0.9604,0.9165,0.000,0.000,0.000,369,408,391,385,399,2025-05-24T00:00:05.480865
17007,0.9604,0.9604,0.9165,0.000,0.000,0.000,392,360,344,372,406,2025-05-24T00:00:05.481086
17008,0.9604,0.9604,0.9165,0.000,0.000,0.000,337,389,350,414,418,2025-05-24T00:00:05.481296
17009,0.9604,0.9604,0.9165,0.000,0.000,0.000,419,390,380,397,404,2025-05-24T00:00:05.481663
17010,0.9604,0.9604,0.9165,0.000,0.000,0.000,381,394,352,392,378,2025-05-24T00:00:05.482080
17011,0.9604,0.9604,0.9165,0.000,0.000,0.000,413,389,320,379,379,2025-05-24T00:00:05.482352
17012,0.9604,0.9604,0.9165,0.000,0.000,0.000,398,364,366,354,403,2025-05-24T00:00:05.482497
17013,0.9604,0.9604,0.9165,0.000,0.000,0.000,386,338,376,294,397,2025-05-24T00:00:05.482642
17014,0.9604,0.9604,0.9165,0.000,0.000,0.000,411,383,381,376,404,2025-05-24T00:00:05.483308
17015,0.9604,0.9604,0.9165,0.000,0.000,0.000,300,342,346,406,403,2025-05-24T00:00:05.483673
17016,0.9604,0.9604,0.9165,0.000,0.000,0.000,391,402,359,393,405,2025-05-24T00:00:05.484119
17017,0.9604,0.9604,0.9165,0.000,0.000,0.000,408,406,298,412,361,2025-05-24T00:00:05.484560
17018,0.9604,0.9604,0.9165,0.000,0.000,0.000,397,387,327,396,369,2025-05-24T00:00:05.484940
17019,0.9604,0.9604,0.9165,0.000,0.000,0.000,423,343,356,422,402,2025-05-24T00:00:05.485201
17020,0.9604,0.9604,0.9165,0.000,0.000,0.000,390,407,355,416,411,2025-05-24T00:00:05.485360
17021,0.9604,0.9604,0.9165,0.000,0.000,0.000,399,365,370,404,375,2025-05-24T00:00:05.486117
17022,0.9604,0.9604,0.9165,0.000,0.000,0.000,403,412,377,411,399,2025-05-24T00:00:05.701430
17023,0.9604,0.9604,0.9165,0.000,0.000,0.000,418,358,380,390,366,2025-05-24T00:00:05.701692
17024,0.9604,0.9604,0.9165,0.000,0.000,0.000,399,384,394,422,388,2025-05-24T00:00:05.701856
17025,0.9604,0.9604,0.9165,0.000,0.000,0.000,403,394,387,418,393,2025-05-24T00:00:05.702025
17026,0.9604,0.9604,0.9165,0.000,0.000,0.000,421,415,347,414,355,2025-05-24T00:00:05.702118
17027,0.9604,0.9604,0.9165,0.000,0.000,0.000,396,419,357,347,366,2025-05-24T00:00:05.702235
17028,0.9604,0.9604,0.9165,0.000,0.000,0.000,438,424,337,389,382,2025-05-24T00:00:05.702345
17029,0.9604,0.9604,0.9165,0.000,0.000,0.000,405,424,335,391,402,2025-05-24T00:00:05.702471
17030,0.9604,0.9604,0.9165,0.000,0.000,0.000,413,412,375,395,405,2025-05-24T00:00:05.702677
17031,0.9604,0.9604,0.9165,0.000,0.000,0.000,400,374,386,413,411,2025-05-24T00:00:05.702924
17032,0.9604,0.9604,0.9165,0.000,0.000,0.000,390,414,394,395,401,2025-05-24T00:00:05.703140
17033,0.9604,0.9604,0.9165,0.000,0.000,0.000,339,426,387,424,422,2025-05-24T00:00:05.703394
17034,0.9604,0.9604,0.9165,0.000,0.000,0.000,399,409,386,402,408,2025-05-24T00:00:05.705094
17035,0.9604,0.9604,0.9165,0.000,0.000,0.000,436,430,354,420,359,2025-05-24T00:00:05.705545
17036,0.9604,0.9604,0.9165,0.000,0.000,0.000,398,434,372,420,353,2025-05-24T00:00:05.705733
17037,0.9604,0.9604,0.9165,0.000,0.000,0.000,418,435,336,399,382,2025-05-24T00:00:05.705914
17038,0.9604,0.9604,0.9165,0.000,0.000,0.000,377,405,370,405,400,2025-05-24T00:00:05.706070
17039,0.9604,0.9604,0.9165,0.000,0.000,0.000,411,421,377,408,405,2025-05-24T00:00:05.706192
17040,0.9604,0.9604,0.9165,0.000,0.000,0.000,343,396,394,416,371,2025-05-24T00:00:05.706301
17041,0.9604,0.9604,0.9165,0.000,0.000,0.000,395,396,394,378,391,2025-05-24T00:00:05.706423
17042,0.9604,0.9604,0.9165,0.000,0.000,0.000,340,378,346,405,408,2025-05-24T00:00:05.706648
17043,0.9604,0.9604,0.9165,0.000,0.000,0.000,402,408,333,406,412,2025-05-24T00:00:05.751396
17044,0.9604,0.9604,0.9165,0.000,0.000,0.000,425,428,369,392,419,2025-05-24T00:00:05.751674
17045,0.9604,0.9604,0.9165,0.000,0.000,0.000,396,346,379,397,416,2025-05-24T00:00:05.751863
17046,0.9604,0.9604,0.9165,0.000,0.000,0.000,353,381,373,389,407,2025-05-24T00:00:05.752093
17047,0.9604,0.9604,0.9165,0.000,0.000,0.000,378,383,371,411,423,2025-05-24T00:00:05.805571
17048,0.9604,0.9604,0.9165,0.000,0.000,0.000,377,336,368,395,390,2025-05-24T00:00:05.805914
17049,0.9604,0.9604,0.9165,0.000,0.000,0.000,414,421,376,422,408,2025-05-24T00:00:05.806157
17050,0.9604,0.9604,0.9165,0.000,0.000,0.000,406,393,378,418,353,2025-05-24T00:00:05.806470
17051,0.9604,0.9604,0.9165,0.000,0.000,0.000,394,411,373,403,372,2025-05-24T00:00:05.806595
17052,0.9604,0.9604,0.9165,0.000,0.000,0.000,352,379,360,395,389,2025-05-24T00:00:05.862019
17053,0.9604,0.9604,0.9165,0.000,0.000,0.000,386,431,368,350,358,2025-05-24T00:00:05.862508
17054,0.9604,0.9604,0.9165,0.000,0.000,0.000,410,444,332,398,345,2025-05-24T00:00:05.862795
17055,0.9604,0.9604,0.9165,0.000,0.000,0.000,416,349,354,389,356,2025-05-24T00:00:05.863136
17056,0.9604,0.9604,0.9165,0.000,0.000,0.000,356,407,366,417,399,2025-05-24T00:00:05.863512
17057,0.9604,0.9604,0.9165,0.000,0.000,0.000,384,425,359,351,399,2025-05-24T00:00:06.112525
17058,0.9604,0.9604,0.9165,0.000,0.000,0.000,422,431,357,395,390,2025-05-24T00:00:06.113336
17059,0.9604,0.9604,0.9165,0.000,0.000,0.000,400,408,347,392,409,2025-05-24T00:00:06.113995
17060,0.9604,0.9604,0.9165,0.000,0.000,0.000,421,430,356,349,403,2025-05-24T00:00:06.114589
17061,0.9604,0.9604,0.9165,0.000,0.000,0.000,409,411,372,297,353,2025-05-24T00:00:06.115080
17062,0.9604,0.9604,0.9165,0.000,0.000,0.000,412,402,377,302,371,2025-05-24T00:00:06.115699
17063,0.9604,0.9604,0.9165,0.000,0.000,0.000,430,407,380,384,359,2025-05-24T00:00:06.116130
17064,0.9604,0.9604,0.9165,0.000,0.000,0.000,420,396,307,371,389,2025-05-24T00:00:06.116567
17065,0.9604,0.9604,0.9165,0.000,0.000,0.000,428,414,358,365,400,2025-05-24T00:00:06.117031
17066,0.9604,0.9604,0.9165,0.000,0.000,0.000,379,406,375,384,400,2025-05-24T00:00:06.117358
17067,0.9604,0.9604,0.9165,0.000,0.000,0.000,361,417,364,350,385,2025-05-24T00:00:06.117773
17068,0.9604,0.9604,0.9165,0.000,0.000,0.000,406,416,375,389,402,2025-05-24T00:00:06.118162
17069,0.9604,0.9604,0.9165,0.000,0.000,0.000,356,412,387,397,386,2025-05-24T00:00:06.118614
17070,0.9604,0.9604,0.9165,0.000,0.000,0.000,365,405,382,424,400,2025-05-24T00:00:06.119136
17071,0.9604,0.9604,0.9165,0.000,0.000,0.000,339,409,342,394,395,2025-05-24T00:00:06.119422
17072,0.9604,0.9604,0.9165,0.000,0.000,0.000,390,408,370,354,410,2025-05-24T00:00:06.119964
17073,0.9604,0.9604,0.9165,0.000,0.000,0.000,422,420,338,377,391,2025-05-24T00:00:06.120239
17074,0.9604,0.9604,0.9165,0.000,0.000,0.000,397,427,349,380,398,2025-05-24T00:00:06.121104
17075,0.9604,0.9604,0.9165,0.000,0.000,0.000,339,342,378,403,404,2025-05-24T00:00:06.121714
17076,0.9604,0.9604,0.9165,0.000,0.000,0.000,366,409,371,410,416,2025-05-24T00:00:06.121979
17077,0.9604,0.9604,0.9165,0.000,0.000,0.000,338,428,388,368,359,2025-05-24T00:00:06.122287
17078,0.9604,0.9604,0.9165,0.000,0.000,0.000,365,420,306,368,393,2025-05-24T00:00:06.315858
17079,0.9604,0.9604,0.9165,0.000,0.000,0.000,426,443,359,389,419,2025-05-24T00:00:06.316506
17080,0.9604,0.9604,0.9165,0.000,0.000,0.000,405,428,360,411,391,2025-05-24T00:00:06.317694
17081,0.9604,0.9604,0.9165,0.000,0.000,0.000,401,421,375,420,365,2025-05-24T00:00:06.318120
17082,0.9604,0.9604,0.9165,0.000,0.000,0.000,418,429,383,412,379,2025-05-24T00:00:06.318451
17083,0.9604,0.9604,0.9165,0.000,0.000,0.000,413,433,374,416,378,2025-05-24T00:00:06.318788
17084,0.9604,0.9604,0.9165,0.000,0.000,0.000,402,359,377,423,391,2025-05-24T00:00:06.319182
17085,0.9604,0.9604,0.9165,0.000,0.000,0.000,401,408,380,421,398,2025-05-24T00:00:06.319619
17086,0.9604,0.9604,0.9165,0.000,0.000,0.000,426,408,384,373,390,2025-05-24T00:00:06.320232
17087,0.9604,0.9604,0.9165,0.000,0.000,0.000,417,414,351,385,389,2025-05-24T00:00:06.320691
17088,0.9604,0.9604,0.9165,0.000,0.000,0.000,422,425,374,420,387,2025-05-24T00:00:06.321103
17089,0.9604,0.9604,0.9165,0.000,0.000,0.000,388,421,383,402,394,2025-05-24T00:00:06.321723
17090,0.9604,0.9604,0.9165,0.000,0.000,0.000,417,428,373,389,386,2025-05-24T00:00:06.322125
17091,0.9604,0.9604,0.9165,0.000,0.000,0.000,345,405,368,409,405,2025-05-24T00:00:06.322561
17092,0.9604,0.9604,0.9165,0.000,0.000,0.000,375,396,368,352,408,2025-05-24T00:00:06.323638
17093,0.9604,0.9604,0.9165,0.000,0.000,0.000,400,412,383,397,417,2025-05-24T00:00:06.324354
17094,0.9604,0.9604,0.9165,0.000,0.000,0.000,404,430,351,395,404,2025-05-24T00:00:06.324728
17095,0.9604,0.9604,0.9165,0.000,0.000,0.000,392,434,378,421,405,2025-05-24T00:00:06.325126
17096,0.9604,0.9604,0.9165,0.000,0.000,0.000,402,427,376,411,399,2025-05-24T00:00:06.325354
17097,0.9604,0.9604,0.9165,0.000,0.000,0.000,412,382,335,395,400,2025-05-24T00:00:06.520943
17098,0.9604,0.9604,0.9165,0.000,0.000,0.000,390,418,331,349,351,2025-05-24T00:00:06.521468
17099,0.9604,0.9604,0.9165,0.000,0.000,0.000,413,394,361,363,388,2025-05-24T00:00:06.521929
17100,0.9604,0.9604,0.9165,0.000,0.000,0.000,376,378,339,402,356,2025-05-24T00:00:06.522443
17101,0.9604,0.9604,0.9165,0.000,0.000,0.000,384,403,359,412,394,2025-05-24T00:00:06.522809
17102,0.9604,0.9604,0.9165,0.000,0.000,0.000,379,429,332,418,391,2025-05-24T00:00:06.523117
17103,0.9604,0.9604,0.9165,0.000,0.000,0.000,414,420,348,420,401,2025-05-24T00:00:06.523664
17104,0.9604,0.9604,0.9165,0.000,0.000,0.000,405,423,358,419,407,2025-05-24T00:00:06.524480
17105,0.9604,0.9604,0.9165,0.000,0.000,0.000,393,403,332,406,361,2025-05-24T00:00:06.524723
17106,0.9604,0.9604,0.9165,0.000,0.000,0.000,339,405,351,344,369,2025-05-24T00:00:06.524885
17107,0.9604,0.9604,0.9165,0.000,0.000,0.000,390,420,330,352,399,2025-05-24T00:00:06.525044
17108,0.9604,0.9604,0.9165,0.000,0.000,0.000,407,398,319,389,402,2025-05-24T00:00:06.525370
17109,0.9604,0.9604,0.9165,0.000,0.000,0.000,414,427,357,346,418,2025-05-24T00:00:06.525667
17110,0.9604,0.9604,0.9165,0.000,0.000,0.000,425,422,379,384,380,2025-05-24T00:00:06.525929
17111,0.9604,0.9604,0.9165,0.000,0.000,0.000,408,414,348,407,385,2025-05-24T00:00:06.526240
17112,0.9604,0.9604,0.9165,0.000,0.000,0.000,414,399,370,407,406,2025-05-24T00:00:06.526578
17113,0.9604,0.9604,0.9165,0.000,0.000,0.000,400,353,375,388,344,2025-05-24T00:00:06.526919
17114,0.9604,0.9604,0.9165,0.000,0.000,0.000,422,419,383,389,372,2025-05-24T00:00:06.527267
17115,0.9604,0.9604,0.9165,0.000,0.000,0.000,428,372,381,391,374,2025-05-24T00:00:06.570607
17116,0.9604,0.9604,0.9165,0.000,0.000,0.000,387,340,390,402,405,2025-05-24T00:00:06.571196
17117,0.9604,0.9604,0.9165,0.000,0.000,0.000,417,367,380,421,413,2025-05-24T00:00:06.571534
17118,0.9604,0.9604,0.9165,0.000,0.000,0.000,423,404,392,416,406,2025-05-24T00:00:06.572436
17119,0.9604,0.9604,0.9165,0.000,0.000,0.000,408,411,393,411,418,2025-05-24T00:00:06.741452
17120,0.9604,0.9604,0.9165,0.000,0.000,0.000,421,429,343,398,357,2025-05-24T00:00:06.741886
17121,0.9604,0.9604,0.9165,0.000,0.000,0.000,403,444,371,407,341,2025-05-24T00:00:06.742134
17122,0.9604,0.9604,0.9165,0.000,0.000,0.000,393,420,345,406,376,2025-05-24T00:00:06.742541
17123,0.9604,0.9604,0.9165,0.000,0.000,0.000,379,409,369,419,397,2025-05-24T00:00:06.742946
17124,0.9604,0.9604,0.9165,0.000,0.000,0.000,408,347,359,408,307,2025-05-24T00:00:06.743296
17125,0.9604,0.9604,0.9165,0.000,0.000,0.000,394,411,378,353,352,2025-05-24T00:00:06.743678
17126,0.9604,0.9604,0.9165,0.000,0.000,0.000,382,410,341,385,398,2025-05-24T00:00:06.744030
17127,0.9604,0.9604,0.9165,0.000,0.000,0.000,406,418,290,345,390,2025-05-24T00:00:06.744340
17128,0.9604,0.9604,0.9165,0.000,0.000,0.000,393,410,315,374,354,2025-05-24T00:00:06.744702
17129,0.9604,0.9604,0.9165,0.000,0.000,0.000,375,392,299,389,363,2025-05-24T00:00:06.745164
17130,0.9604,0.9604,0.9165,0.000,0.000,0.000,416,407,310,405,394,2025-05-24T00:00:06.745612
17131,0.9604,0.9604,0.9165,0.000,0.000,0.000,381,421,331,405,381,2025-05-24T00:00:06.746046
17132,0.9604,0.9604,0.9165,0.000,0.000,0.000,393,432,365,394,390,2025-05-24T00:00:06.746377
17133,0.9604,0.9604,0.9165,0.000,0.000,0.000,414,418,365,409,405,2025-05-24T00:00:06.746642
17134,0.9604,0.9604,0.9165,0.000,0.000,0.000,424,420,348,379,402,2025-05-24T00:00:06.929637
17135,0.9604,0.9604,0.9165,0.000,0.000,0.000,400,377,365,415,409,2025-05-24T00:00:06.930213
17136,0.9604,0.9604,0.9165,0.000,0.000,0.000,407,419,374,404,356,2025-05-24T00:00:06.930594
17137,0.9604,0.9604,0.9165,0.000,0.000,0.000,307,416,389,405,381,2025-05-24T00:00:06.930990
17138,0.9604,0.9604,0.9165,0.000,0.000,0.000,397,429,386,387,334,2025-05-24T00:00:06.931363
17139,0.9604,0.9604,0.9165,0.000,0.000,0.000,429,403,386,413,376,2025-05-24T00:00:06.931736
17140,0.9604,0.9604,0.9165,0.000,0.000,0.000,398,364,351,410,396,2025-05-24T00:00:06.932063
17141,0.9604,0.9604,0.9165,0.000,0.000,0.000,381,409,379,404,344,2025-05-24T00:00:06.932544
17142,0.9604,0.9604,0.9165,0.000,0.000,0.000,407,422,386,412,351,2025-05-24T00:00:06.932942
17143,0.9604,0.9604,0.9165,0.000,0.000,0.000,421,424,379,397,371,2025-05-24T00:00:06.933177
17144,0.9604,0.9604,0.9165,0.000,0.000,0.000,426,404,388,311,378,2025-05-24T00:00:06.933273
17145,0.9604,0.9604,0.9165,0.000,0.000,0.000,418,398,387,375,387,2025-05-24T00:00:06.933401
17146,0.9604,0.9604,0.9165,0.000,0.000,0.000,424,377,379,387,405,2025-05-24T00:00:06.933582
17147,0.9604,0.9604,0.9165,0.000,0.000,0.000,389,407,365,357,390,2025-05-24T00:00:06.933878
17148,0.9604,0.9604,0.9165,0.000,0.000,0.000,397,417,383,336,348,2025-05-24T00:00:06.934321
17149,0.9604,0.9604,0.9165,0.000,0.000,0.000,297,410,382,373,377,2025-05-24T00:00:06.934678
17150,0.9604,0.9604,0.9165,0.000,0.000,0.000,380,429,386,388,340,2025-05-24T00:00:06.934962
17151,0.9604,0.9604,0.9165,0.000,0.000,0.000,296,410,392,369,364,2025-05-24T00:00:07.135646
17152,0.9604,0.9604,0.9165,0.000,0.000,0.000,367,404,387,396,338,2025-05-24T00:00:07.136134
17153,0.9604,0.9604,0.9165,0.000,0.000,0.000,421,407,387,401,386,2025-05-24T00:00:07.136443
17154,0.9604,0.9604,0.9165,0.000,0.000,0.000,421,402,372,400,360,2025-05-24T00:00:07.136685
17155,0.9604,0.9604,0.9165,0.000,0.000,0.000,309,423,379,412,397,2025-05-24T00:00:07.136976
17156,0.9604,0.9604,0.9165,0.000,0.000,0.000,402,403,389,416,385,2025-05-24T00:00:07.137322
17157,0.9604,0.9604,0.9165,0.000,0.000,0.000,419,421,394,393,404,2025-05-24T00:00:07.138191
17158,0.9604,0.9604,0.9165,0.000,0.000,0.000,415,424,392,400,413,2025-05-24T00:00:07.139259
17159,0.9604,0.9604,0.9165,0.000,0.000,0.000,413,410,387,385,401,2025-05-24T00:00:07.147541
17160,0.9604,0.9604,0.9165,0.000,0.000,0.000,408,431,388,359,402,2025-05-24T00:00:07.151959
17161,0.9604,0.9604,0.9165,0.000,0.000,0.000,392,352,373,374,394,2025-05-24T00:00:07.152387
17162,0.9604,0.9604,0.9165,0.000,0.000,0.000,379,414,312,380,354,2025-05-24T00:00:07.153296
17163,0.9604,0.9604,0.9165,0.000,0.000,0.000,388,392,314,340,384,2025-05-24T00:00:07.153782
17164,0.9604,0.9604,0.9165,0.000,0.000,0.000,425,341,310,374,357,2025-05-24T00:00:07.154248
17165,0.9604,0.9604,0.9165,0.000,0.000,0.000,420,415,304,360,399,2025-05-24T00:00:07.154638
17166,0.9604,0.9604,0.9165,0.000,0.000,0.000,340,407,334,399,392,2025-05-24T00:00:07.158756
17167,0.9604,0.9604,0.9165,0.000,0.000,0.000,384,388,332,423,392,2025-05-24T00:00:07.159600
17168,0.9604,0.9604,0.9165,0.000,0.000,0.000,292,333,349,401,392,2025-05-24T00:00:07.161156
17169,0.9604,0.9604,0.9165,0.000,0.000,0.000,400,400,360,363,382,2025-05-24T00:00:07.369877
17170,0.9604,0.9604,0.9165,0.000,0.000,0.000,338,405,368,405,379,2025-05-24T00:00:07.370289
17171,0.9604,0.9604,0.9165,0.000,0.000,0.000,410,443,374,398,412,2025-05-24T00:00:07.370994
17172,0.9604,0.9604,0.9165,0.000,0.000,0.000,372,437,371,392,416,2025-05-24T00:00:07.371560
17173,0.9604,0.9604,0.9165,0.000,0.000,0.000,386,412,381,408,356,2025-05-24T00:00:07.371758
17174,0.9604,0.9604,0.9165,0.000,0.000,0.000,413,428,381,405,398,2025-05-24T00:00:07.372331
17175,0.9604,0.9604,0.9165,0.000,0.000,0.000,403,342,376,418,385,2025-05-24T00:00:07.372569
17176,0.9604,0.9604,0.9165,0.000,0.000,0.000,416,337,374,408,403,2025-05-24T00:00:07.373111
17177,0.9604,0.9604,0.9165,0.000,0.000,0.000,384,401,363,392,385,2025-05-24T00:00:07.373399
17178,0.9604,0.9604,0.9165,0.000,0.000,0.000,389,423,374,367,379,2025-05-24T00:00:07.373885
17179,0.9604,0.9604,0.9165,0.000,0.000,0.000,381,416,382,415,342,2025-05-24T00:00:07.374239
17180,0.9604,0.9604,0.9165,0.000,0.000,0.000,416,438,377,407,371,2025-05-24T00:00:07.374828
17181,0.9604,0.9604,0.9165,0.000,0.000,0.000,409,407,373,426,351,2025-05-24T00:00:07.375122
17182,0.9604,0.9604,0.9165,0.000,0.000,0.000,401,417,379,421,385,2025-05-24T00:00:07.375666
17183,0.9604,0.9604,0.9165,0.000,0.000,0.000,427,435,347,409,407,2025-05-24T00:00:07.375982
17184,0.9604,0.9604,0.9165,0.000,0.000,0.000,389,408,364,350,407,2025-05-24T00:00:07.376597
17185,0.9604,0.9604,0.9165,0.000,0.000,0.000,407,419,366,342,360,2025-05-24T00:00:07.377044
17186,0.9604,0.9604,0.9165,0.000,0.000,0.000,398,424,327,376,335,2025-05-24T00:00:07.377556
17187,0.9604,0.9604,0.9165,0.000,0.000,0.000,339,430,336,409,383,2025-05-24T00:00:07.424214
17188,0.9604,0.9604,0.9165,0.000,0.000,0.000,404,353,347,416,386,2025-05-24T00:00:07.424563
17189,0.9604,0.9604,0.9165,0.000,0.000,0.000,402,365,353,401,380,2025-05-24T00:00:07.424763
17190,0.9604,0.9604,0.9165,0.000,0.000,0.000,421,396,379,381,396,2025-05-24T00:00:07.425028
17191,0.9604,0.9604,0.9165,0.000,0.000,0.000,358,388,340,395,391,2025-05-24T00:00:07.425223
17192,0.9604,0.9604,0.9165,0.000,0.000,0.000,387,398,372,353,406,2025-05-24T00:00:07.425495
17193,0.9604,0.9604,0.9165,0.000,0.000,0.000,386,395,372,394,391,2025-05-24T00:00:07.425638
17194,0.9604,0.9604,0.9165,0.000,0.000,0.000,422,407,372,349,401,2025-05-24T00:00:07.553491
17195,0.9604,0.9604,0.9165,0.000,0.000,0.000,409,417,367,397,394,2025-05-24T00:00:07.554004
17196,0.9604,0.9604,0.9165,0.000,0.000,0.000,427,396,368,407,403,2025-05-24T00:00:07.554652
17197,0.9604,0.9604,0.9165,0.000,0.000,0.000,414,427,382,405,411,2025-05-24T00:00:07.555137
17198,0.9604,0.9604,0.9165,0.000,0.000,0.000,418,427,380,388,401,2025-05-24T00:00:07.555523
17199,0.9604,0.9604,0.9165,0.000,0.000,0.000,408,441,376,390,418,2025-05-24T00:00:07.555887
17200,0.9604,0.9604,0.9165,0.000,0.000,0.000,390,362,302,383,406,2025-05-24T00:00:07.556247
17201,0.9604,0.9604,0.9165,0.000,0.000,0.000,404,296,351,345,407,2025-05-24T00:00:07.556610
17202,0.9604,0.9604,0.9165,0.000,0.000,0.000,391,393,326,397,415,2025-05-24T00:00:07.557083
17203,0.9604,0.9604,0.9165,0.000,0.000,0.000,420,402,349,414,416,2025-05-24T00:00:07.557441
17204,0.9604,0.9604,0.9165,0.000,0.000,0.000,419,415,371,405,410,2025-05-24T00:00:07.557643
17205,0.9604,0.9604,0.9165,0.000,0.000,0.000,409,416,370,368,345,2025-05-24T00:00:07.557859
17206,0.9604,0.9604,0.9165,0.000,0.000,0.000,399,427,374,392,398,2025-05-24T00:00:07.603482
17207,0.9604,0.9604,0.9165,0.000,0.000,0.000,343,409,329,400,405,2025-05-24T00:00:07.604101
17208,0.9604,0.9604,0.9165,0.000,0.000,0.000,411,399,348,377,410,2025-05-24T00:00:07.604373
17209,0.9604,0.9604,0.9165,0.000,0.000,0.000,338,353,351,398,414,2025-05-24T00:00:07.604975
17210,0.9604,0.9604,0.9165,0.000,0.000,0.000,409,399,371,404,399,2025-05-24T00:00:07.754719
17211,0.9604,0.9604,0.9165,0.000,0.000,0.000,395,420,387,409,406,2025-05-24T00:00:07.755124
17212,0.9604,0.9604,0.9165,0.000,0.000,0.000,425,417,389,409,406,2025-05-24T00:00:07.755477
17213,0.9604,0.9604,0.9165,0.000,0.000,0.000,429,425,400,405,412,2025-05-24T00:00:07.755731
17214,0.9604,0.9604,0.9165,0.000,0.000,0.000,300,421,370,342,400,2025-05-24T00:00:07.756077
17215,0.9604,0.9604,0.9165,0.000,0.000,0.000,403,417,373,376,367,2025-05-24T00:00:07.756514
17216,0.9604,0.9604,0.9165,0.000,0.000,0.000,336,300,379,393,374,2025-05-24T00:00:07.756977
17217,0.9604,0.9604,0.9165,0.000,0.000,0.000,407,371,380,349,393,2025-05-24T00:00:07.757266
17218,0.9604,0.9604,0.9165,0.000,0.000,0.000,403,401,386,403,406,2025-05-24T00:00:07.757503
17219,0.9604,0.9604,0.9165,0.000,0.000,0.000,427,396,389,383,393,2025-05-24T00:00:07.757733
17220,0.9604,0.9604,0.9165,0.000,0.000,0.000,429,342,317,403,392,2025-05-24T00:00:07.757948
17221,0.9604,0.9604,0.9165,0.000,0.000,0.000,379,398,339,343,385,2025-05-24T00:00:07.758179
17222,0.9604,0.9604,0.9165,0.000,0.000,0.000,401,432,377,384,413,2025-05-24T00:00:07.758417
17223,0.9604,0.9604,0.9165,0.000,0.000,0.000,422,442,347,332,417,2025-05-24T00:00:07.758707
17224,0.9604,0.9604,0.9165,0.000,0.000,0.000,405,429,356,397,394,2025-05-24T00:00:07.957033
17225,0.9604,0.9604,0.9165,0.000,0.000,0.000,379,413,376,412,407,2025-05-24T00:00:07.957394
17226,0.9604,0.9604,0.9165,0.000,0.000,0.000,387,343,369,386,391,2025-05-24T00:00:07.957644
17227,0.9604,0.9604,0.9165,0.000,0.000,0.000,416,413,386,413,403,2025-05-24T00:00:07.957840
17228,0.9604,0.9604,0.9165,0.000,0.000,0.000,398,359,334,402,410,2025-05-24T00:00:07.958150
17229,0.9604,0.9604,0.9165,0.000,0.000,0.000,409,389,353,352,415,2025-05-24T00:00:07.958379
17230,0.9604,0.9604,0.9165,0.000,0.000,0.000,408,391,361,387,412,2025-05-24T00:00:07.958629
17231,0.9604,0.9604,0.9165,0.000,0.000,0.000,381,398,342,404,354,2025-05-24T00:00:07.958801
17232,0.9604,0.9604,0.9165,0.000,0.000,0.000,394,392,335,391,391,2025-05-24T00:00:07.959025
17233,0.9604,0.9604,0.9165,0.000,0.000,0.000,421,426,358,403,379,2025-05-24T00:00:07.959272
17234,0.9604,0.9604,0.9165,0.000,0.000,0.000,419,412,380,422,411,2025-05-24T00:00:07.959553
17235,0.9604,0.9604,0.9165,0.000,0.000,0.000,409,337,342,351,397,2025-05-24T00:00:07.959733
17236,0.9604,0.9604,0.9165,0.000,0.000,0.000,397,403,374,407,400,2025-05-24T00:00:07.959965
17237,0.9604,0.9604,0.9165,0.000,0.000,0.000,349,413,375,401,410,2025-05-24T00:00:07.960092
17238,0.9604,0.9604,0.9165,0.000,0.000,0.000,424,410,378,406,402,2025-05-24T00:00:07.960680
17239,0.9604,0.9604,0.9165,0.000,0.000,0.000,419,415,371,395,405,2025-05-24T00:00:07.961227
17240,0.9604,0.9604,0.9165,0.000,0.000,0.000,438,411,386,368,408,2025-05-24T00:00:07.961939
17241,0.9604,0.9604,0.9165,0.000,0.000,0.000,414,438,311,395,417,2025-05-24T00:00:08.007630
17242,0.9604,0.9604,0.9165,0.000,0.000,0.000,408,400,317,380,390,2025-05-24T00:00:08.007783
17243,0.9604,0.9604,0.9165,0.000,0.000,0.000,364,372,312,412,403,2025-05-24T00:00:08.007874
17244,0.9604,0.9604,0.9165,0.000,0.000,0.000,379,392,341,413,409,2025-05-24T00:00:08.007958
17245,0.9604,0.9604,0.9165,0.000,0.000,0.000,417,399,358,431,397,2025-05-24T00:00:08.192049
17246,0.9604,0.9604,0.9165,0.000,0.000,0.000,420,383,379,406,392,2025-05-24T00:00:08.192519
17247,0.9604,0.9604,0.9165,0.000,0.000,0.000,388,340,383,413,367,2025-05-24T00:00:08.192800
17248,0.9604,0.9604,0.9165,0.000,0.000,0.000,424,417,378,400,381,2025-05-24T00:00:08.193251
17249,0.9604,0.9604,0.9165,0.000,0.000,0.000,342,371,346,413,371,2025-05-24T00:00:08.193600
17250,0.9604,0.9604,0.9165,0.000,0.000,0.000,375,425,331,397,405,2025-05-24T00:00:08.193820
17251,0.9604,0.9604,0.9165,0.000,0.000,0.000,376,395,357,405,397,2025-05-24T00:00:08.194013
17252,0.9604,0.9604,0.9165,0.000,0.000,0.000,387,426,370,358,411,2025-05-24T00:00:08.194166
17253,0.9604,0.9604,0.9165,0.000,0.000,0.000,389,423,374,386,418,2025-05-24T00:00:08.194326
17254,0.9604,0.9604,0.9165,0.000,0.000,0.000,421,399,374,368,419,2025-05-24T00:00:08.194447
17255,0.9604,0.9604,0.9165,0.000,0.000,0.000,407,408,387,406,412,2025-05-24T00:00:08.194571
17256,0.9604,0.9604,0.9165,0.000,0.000,0.000,416,418,384,411,404,2025-05-24T00:00:08.194731
17257,0.9604,0.9604,0.9165,0.000,0.000,0.000,402,405,375,419,396,2025-05-24T00:00:08.194980
17258,0.9604,0.9604,0.9165,0.000,0.000,0.000,398,425,334,305,399,2025-05-24T00:00:08.195347
17259,0.9604,0.9604,0.9165,0.000,0.000,0.000,422,413,360,387,391,2025-05-24T00:00:08.195671
17260,0.9604,0.9604,0.9165,0.000,0.000,0.000,392,373,353,403,391,2025-05-24T00:00:08.195961
17261,0.9604,0.9604,0.9165,0.000,0.000,0.000,410,301,373,409,389,2025-05-24T00:00:08.366199
17262,0.9604,0.9604,0.9165,0.000,0.000,0.000,336,398,385,353,386,2025-05-24T00:00:08.366581
17263,0.9604,0.9604,0.9165,0.000,0.000,0.000,408,393,345,389,397,2025-05-24T00:00:08.366835
17264,0.9604,0.9604,0.9165,0.000,0.000,0.000,393,348,368,395,400,2025-05-24T00:00:08.367000
17265,0.9604,0.9604,0.9165,0.000,0.000,0.000,332,409,366,411,385,2025-05-24T00:00:08.367266
17266,0.9604,0.9604,0.9165,0.000,0.000,0.000,330,431,379,415,409,2025-05-24T00:00:08.367597
17267,0.9604,0.9604,0.9165,0.000,0.000,0.000,392,367,330,395,405,2025-05-24T00:00:08.367873
17268,0.9604,0.9604,0.9165,0.000,0.000,0.000,415,422,362,374,354,2025-05-24T00:00:08.368077
17269,0.9604,0.9604,0.9165,0.000,0.000,0.000,405,419,370,400,338,2025-05-24T00:00:08.368259
17270,0.9604,0.9604,0.9165,0.000,0.000,0.000,423,403,364,350,383,2025-05-24T00:00:08.368339
17271,0.9604,0.9604,0.9165,0.000,0.000,0.000,394,375,368,398,412,2025-05-24T00:00:08.368493
17272,0.9604,0.9604,0.9165,0.000,0.000,0.000,414,392,375,397,349,2025-05-24T00:00:08.368621
17273,0.9604,0.9604,0.9165,0.000,0.000,0.000,392,398,311,403,393,2025-05-24T00:00:08.368766
17274,0.9604,0.9604,0.9165,0.000,0.000,0.000,410,421,339,411,396,2025-05-24T00:00:08.368892
17275,0.9604,0.9604,0.9165,0.000,0.000,0.000,405,415,355,417,395,2025-05-24T00:00:08.369015
17276,0.9604,0.9604,0.9165,0.000,0.000,0.000,386,426,366,400,354,2025-05-24T00:00:08.369126
17277,0.9604,0.9604,0.9165,0.000,0.000,0.000,420,420,347,402,390,2025-05-24T00:00:08.449589
17278,0.9604,0.9604,0.9165,0.000,0.000,0.000,433,420,371,391,387,2025-05-24T00:00:08.449773
17279,0.9604,0.9604,0.9165,0.000,0.000,0.000,389,426,375,385,340,2025-05-24T00:00:08.449886
17280,0.9604,0.9604,0.9165,0.000,0.000,0.000,416,443,374,403,376,2025-05-24T00:00:08.450012
17281,0.9604,0.9604,0.9165,0.000,0.000,0.000,339,403,371,406,391,2025-05-24T00:00:08.450186
17282,0.9604,0.9604,0.9165,0.000,0.000,0.000,402,350,378,418,391,2025-05-24T00:00:08.567758
17283,0.9604,0.9604,0.9165,0.000,0.000,0.000,365,396,378,413,389,2025-05-24T00:00:08.568174
17284,0.9604,0.9604,0.9165,0.000,0.000,0.000,400,404,342,414,355,2025-05-24T00:00:08.568766
17285,0.9604,0.9604,0.9165,0.000,0.000,0.000,388,355,356,420,400,2025-05-24T00:00:08.569161
17286,0.9604,0.9604,0.9165,0.000,0.000,0.000,425,389,357,404,355,2025-05-24T00:00:08.569452
17287,0.9604,0.9604,0.9165,0.000,0.000,0.000,439,416,373,422,401,2025-05-24T00:00:08.569827
17288,0.9604,0.9604,0.9165,0.000,0.000,0.000,421,415,335,412,392,2025-05-24T00:00:08.570222
17289,0.9604,0.9604,0.9165,0.000,0.000,0.000,437,435,351,423,395,2025-05-24T00:00:08.570560
17290,0.9604,0.9604,0.9165,0.000,0.000,0.000,342,362,367,350,383,2025-05-24T00:00:08.570790
17291,0.9604,0.9604,0.9165,0.000,0.000,0.000,400,356,335,396,401,2025-05-24T00:00:08.571030
17292,0.9604,0.9604,0.9165,0.000,0.000,0.000,429,403,351,419,403,2025-05-24T00:00:08.571397
17293,0.9604,0.9604,0.9165,0.000,0.000,0.000,423,419,352,402,407,2025-05-24T00:00:08.571624
17294,0.9604,0.9604,0.9165,0.000,0.000,0.000,347,400,382,410,419,2025-05-24T00:00:08.571748
17295,0.9604,0.9604,0.9165,0.000,0.000,0.000,393,398,384,410,414,2025-05-24T00:00:08.773212
17296,0.9604,0.9604,0.9165,0.000,0.000,0.000,419,418,385,404,362,2025-05-24T00:00:08.773872
17297,0.9604,0.9604,0.9165,0.000,0.000,0.000,397,416,338,401,337,2025-05-24T00:00:08.774831
17298,0.9604,0.9604,0.9165,0.000,0.000,0.000,392,386,370,420,290,2025-05-24T00:00:08.775258
17299,0.9604,0.9604,0.9165,0.000,0.000,0.000,394,400,375,411,349,2025-05-24T00:00:08.775597
17300,0.9604,0.9604,0.9165,0.000,0.000,0.000,404,359,377,389,323,2025-05-24T00:00:08.776071
17301,0.9604,0.9604,0.9165,0.000,0.000,0.000,418,400,312,350,388,2025-05-24T00:00:08.776425
17302,0.9604,0.9604,0.9165,0.000,0.000,0.000,422,394,343,369,381,2025-05-24T00:00:08.776947
17303,0.9604,0.9604,0.9165,0.000,0.000,0.000,352,418,339,383,401,2025-05-24T00:00:08.777551
17304,0.9604,0.9604,0.9165,0.000,0.000,0.000,400,407,348,361,395,2025-05-24T00:00:08.777835
17305,0.9604,0.9604,0.9165,0.000,0.000,0.000,341,423,373,384,354,2025-05-24T00:00:08.778164
17306,0.9604,0.9604,0.9165,0.000,0.000,0.000,377,416,391,393,382,2025-05-24T00:00:08.778657
17307,0.9604,0.9604,0.9165,0.000,0.000,0.000,292,422,386,393,340,2025-05-24T00:00:08.779025
17308,0.9604,0.9604,0.9165,0.000,0.000,0.000,319,434,383,393,389,2025-05-24T00:00:08.779662
17309,0.9604,0.9604,0.9165,0.000,0.000,0.000,400,412,380,344,399,2025-05-24T00:00:08.780303
17310,0.9604,0.9604,0.9165,0.000,0.000,0.000,408,393,383,381,356,2025-05-24T00:00:08.780757
17311,0.9604,0.9604,0.9165,0.000,0.000,0.000,426,351,376,405,388,2025-05-24T00:00:08.781264
17312,0.9604,0.9604,0.9165,0.000,0.000,0.000,368,368,393,402,308,2025-05-24T00:00:08.781808
17313,0.9604,0.9604,0.9165,0.000,0.000,0.000,288,403,389,400,372,2025-05-24T00:00:08.821568
17314,0.9604,0.9604,0.9165,0.000,0.000,0.000,397,402,379,390,394,2025-05-24T00:00:08.821768
17315,0.9604,0.9604,0.9165,0.000,0.000,0.000,410,408,351,310,399,2025-05-24T00:00:08.821893
17316,0.9604,0.9604,0.9165,0.000,0.000,0.000,413,399,364,379,402,2025-05-24T00:00:08.821964
17317,0.9604,0.9604,0.9165,0.000,0.000,0.000,414,415,379,401,410,2025-05-24T00:00:08.822265
17318,0.9604,0.9604,0.9165,0.000,0.000,0.000,339,362,302,407,400,2025-05-24T00:00:08.990591
17319,0.9604,0.9604,0.9165,0.000,0.000,0.000,410,347,352,406,405,2025-05-24T00:00:08.990877
17320,0.9604,0.9604,0.9165,0.000,0.000,0.000,393,385,340,397,415,2025-05-24T00:00:08.991111
17321,0.9604,0.9604,0.9165,0.000,0.000,0.000,422,361,361,398,366,2025-05-24T00:00:08.991304
17322,0.9604,0.9604,0.9165,0.000,0.000,0.000,347,397,364,413,379,2025-05-24T00:00:08.991476
17323,0.9604,0.9604,0.9165,0.000,0.000,0.000,393,390,372,413,338,2025-05-24T00:00:08.991638
17324,0.9604,0.9604,0.9165,0.000,0.000,0.000,422,412,381,420,375,2025-05-24T00:00:08.991780
17325,0.9604,0.9604,0.9165,0.000,0.000,0.000,415,415,370,418,391,2025-05-24T00:00:08.991987
17326,0.9604,0.9604,0.9165,0.000,0.000,0.000,418,438,383,419,390,2025-05-24T00:00:08.992155
17327,0.9604,0.9604,0.9165,0.000,0.000,0.000,398,397,365,391,376,2025-05-24T00:00:08.992280
17328,0.9604,0.9604,0.9165,0.000,0.000,0.000,427,423,368,407,393,2025-05-24T00:00:08.992449
17329,0.9604,0.9604,0.9165,0.000,0.000,0.000,404,358,333,411,402,2025-05-24T00:00:08.992727
17330,0.9604,0.9604,0.9165,0.000,0.000,0.000,396,347,348,398,385,2025-05-24T00:00:08.992941
17331,0.9604,0.9604,0.9165,0.000,0.000,0.000,428,416,341,412,369,2025-05-24T00:00:08.993104
17332,0.9604,0.9604,0.9165,0.000,0.000,0.000,399,421,353,391,387,2025-05-24T00:00:09.045776
17333,0.9604,0.9604,0.9165,0.000,0.000,0.000,403,425,376,420,371,2025-05-24T00:00:09.045999
17334,0.9604,0.9604,0.9165,0.000,0.000,0.000,384,353,334,413,340,2025-05-24T00:00:09.046135
17335,0.9604,0.9604,0.9165,0.000,0.000,0.000,419,402,370,399,375,2025-05-24T00:00:09.046266
17336,0.9604,0.9604,0.9165,0.000,0.000,0.000,417,416,387,406,364,2025-05-24T00:00:09.046482
17337,0.9604,0.9604,0.9165,0.000,0.000,0.000,367,342,372,365,378,2025-05-24T00:00:09.184717
17338,0.9604,0.9604,0.9165,0.000,0.000,0.000,337,416,390,412,352,2025-05-24T00:00:09.185420
17339,0.9604,0.9604,0.9165,0.000,0.000,0.000,374,406,384,302,383,2025-05-24T00:00:09.185797
17340,0.9604,0.9604,0.9165,0.000,0.000,0.000,335,393,390,386,395,2025-05-24T00:00:09.186091
17341,0.9604,0.9604,0.9165,0.000,0.000,0.000,376,400,390,388,404,2025-05-24T00:00:09.186316
17342,0.9604,0.9604,0.9165,0.000,0.000,0.000,396,356,381,407,411,2025-05-24T00:00:09.186481
17343,0.9604,0.9604,0.9165,0.000,0.000,0.000,408,408,382,419,398,2025-05-24T00:00:09.186643
17344,0.9604,0.9604,0.9165,0.000,0.000,0.000,425,419,369,345,378,2025-05-24T00:00:09.186875
17345,0.9604,0.9604,0.9165,0.000,0.000,0.000,424,422,341,396,355,2025-05-24T00:00:09.187117
17346,0.9604,0.9604,0.9165,0.000,0.000,0.000,396,347,364,361,362,2025-05-24T00:00:09.187349
17347,0.9604,0.9604,0.9165,0.000,0.000,0.000,435,408,305,338,387,2025-05-24T00:00:09.187622
17348,0.9604,0.9604,0.9165,0.000,0.000,0.000,417,399,347,377,393,2025-05-24T00:00:09.187764
